weekday,hour,tweet_length,mentions_count,urls_count,photos_count,hashtags_count,quote_url_count,video_count,retweets_count,anger,anticipation,disgust,fear,joy,sadness,surprise,trust,negative,positive
Monday,23,85,2,2,2,2,,0,0,0,2,0,0,0,0,0,0,0,0
Monday,22,160,156,63,2,2,,0,0,0,0,0,0,0,0,0,0,0,0
Monday,21,126,2,2,2,2,,0,0,0,2,0,0,3,0,2,2,0,3
Monday,20,47,2,2,2,2,,0,0,0,0,0,0,0,0,0,0,0,0
Monday,19,30,2,2,2,2,,0,0,0,0,0,0,0,0,0,0,0,0
Monday,14,277,2,2,2,2,,0,0,2,2,0,0,6,0,1,7,1,7
Monday,13,66,2,2,2,2,,0,0,0,0,0,0,0,0,0,0,1,1
Monday,3,27,2,2,2,2,,0,0,0,0,0,0,0,0,0,0,0,0
Monday,2,85,2,2,2,2,,0,0,0,0,0,0,0,0,0,0,0,0
Monday,2,123,84,2,51,21,,1,0,0,0,0,0,0,0,0,0,0,1
Monday,1,74,2,2,51,2,,1,0,0,0,0,0,0,0,0,0,0,0
Sunday,23,253,2,27,102,2,,1,0,0,1,0,0,2,1,2,2,2,4
Sunday,23,252,2,27,102,2,,1,0,0,0,0,0,1,0,0,0,0,1
Sunday,23,163,2,27,51,2,,1,0,0,0,0,0,0,0,0,0,0,1
Sunday,22,97,2,2,51,2,,1,0,0,0,0,0,0,0,0,0,0,0
Sunday,22,95,2,2,51,2,,1,0,0,0,0,0,1,0,0,0,0,1
Sunday,22,255,2,2,2,2,,0,0,0,0,0,0,2,0,0,0,0,2
Sunday,22,244,2,2,2,2,,0,0,0,2,0,0,3,0,1,3,0,6
Sunday,21,303,2,2,51,23,,1,0,2,0,2,2,0,2,0,1,3,1
Sunday,20,146,2,62,2,2,,0,0,1,0,0,0,0,0,0,0,1,1
Sunday,17,303,2,2,63,2,,1,0,1,2,1,0,3,0,0,2,1,3
Sunday,16,82,2,2,2,2,,0,0,0,0,0,1,0,0,0,0,0,2
Sunday,15,23,2,2,2,2,,0,0,1,0,1,0,0,0,0,0,1,0
Sunday,12,149,2,2,2,2,,0,0,0,0,0,0,0,0,0,0,1,0
Sunday,7,203,2,2,51,2,,1,0,1,0,0,0,3,0,0,2,0,3
Sunday,3,100,2,80,2,2,,0,0,0,0,0,0,0,0,0,0,0,1
Sunday,3,136,2,2,102,2,,1,0,0,1,0,1,2,0,1,1,0,2
Sunday,0,90,2,2,2,2,,0,0,0,1,0,0,1,0,1,1,0,1
Sunday,0,164,2,69,51,2,,1,0,0,0,0,0,0,0,0,0,0,1
Saturday,23,200,2,2,2,2,,0,0,0,1,0,1,1,0,2,1,0,1
Saturday,22,95,2,2,2,2,,0,0,0,0,0,0,0,0,0,0,0,0
Saturday,21,82,2,2,2,2,,0,0,0,0,0,0,1,0,0,0,0,1
Saturday,21,86,2,2,2,2,,0,0,0,0,0,0,0,0,0,0,1,1
Saturday,21,101,2,25,2,2,,0,0,0,1,0,0,1,1,0,1,1,1
Saturday,20,245,2,2,2,2,,0,0,0,1,0,0,1,0,0,1,0,1
Saturday,19,233,2,67,51,2,,1,0,0,1,0,0,0,0,0,0,0,3
Saturday,2,174,2,2,2,2,,0,0,0,0,0,0,0,0,0,0,0,1
Saturday,0,94,2,2,2,10,,0,0,0,0,0,0,1,0,0,1,0,2
Saturday,0,125,2,2,2,31,,0,0,0,2,0,0,0,0,0,0,0,1
Saturday,0,182,2,2,51,15,,1,0,0,0,0,0,1,0,0,0,0,2
Friday,23,200,2,25,2,83,,0,0,0,0,1,0,0,1,0,0,1,0
Friday,23,65,2,2,2,2,,0,0,0,0,0,0,0,0,0,0,0,0
Friday,22,139,2,2,2,2,,0,0,1,0,1,1,0,2,0,0,2,1
Friday,21,183,2,2,2,2,,0,0,1,1,1,2,1,1,1,1,1,3
Friday,21,65,2,2,2,2,,0,0,2,0,1,1,0,1,1,0,2,0
Friday,21,253,2,27,102,2,,1,0,0,1,0,0,2,1,2,2,2,4
Friday,21,252,2,27,102,2,,1,0,0,0,0,0,1,0,0,0,0,1
Friday,21,163,2,27,51,2,,1,0,0,0,0,0,0,0,0,0,0,1
Friday,18,131,2,2,2,2,,0,0,0,0,0,0,3,0,0,2,0,3
Friday,17,58,2,61,2,2,,0,0,0,1,0,0,0,0,0,1,0,1
Friday,7,69,2,105,2,2,,0,0,0,0,0,0,0,0,0,0,0,0
Friday,5,91,2,2,2,2,,0,0,0,1,1,0,1,0,0,1,2,2
Friday,5,80,2,2,2,2,,0,0,0,0,0,0,0,0,0,1,0,1
Friday,4,83,2,66,51,2,,1,0,0,0,0,0,0,0,0,0,0,0
Friday,4,50,2,2,51,2,,1,0,0,0,0,0,0,0,0,0,0,0
Friday,3,44,2,2,2,2,,0,0,1,1,1,0,1,0,1,1,1,1
Friday,2,85,2,2,51,2,,1,0,1,0,0,0,0,0,0,0,1,0
Friday,2,150,2,2,2,2,,0,0,0,0,0,0,1,0,0,1,1,2
Friday,2,112,2,63,2,17,,0,0,0,0,0,1,0,0,0,1,0,0
Friday,2,159,2,2,2,2,,0,0,0,0,1,0,0,0,0,0,1,0
Friday,1,84,2,79,2,2,,0,0,0,0,0,0,0,0,0,0,0,0
Friday,0,221,2,2,2,2,,0,0,0,0,0,0,0,0,0,0,0,0
Thursday,22,192,2,2,2,2,,0,0,0,0,1,2,0,0,0,0,2,1
Thursday,7,118,2,2,2,22,,0,0,0,1,0,0,2,0,0,2,0,2
Thursday,6,63,2,2,2,2,,0,0,0,0,0,0,0,0,0,0,0,0
Thursday,3,174,2,69,2,2,,0,0,0,0,0,0,1,1,0,0,1,3
Thursday,3,295,2,2,51,2,,1,0,1,0,1,1,0,1,0,1,1,2
Thursday,3,75,2,2,2,2,,0,0,0,1,0,0,1,0,1,1,0,1
Thursday,3,69,2,2,2,2,,0,0,1,0,0,0,0,0,0,0,0,1
Thursday,2,97,2,2,2,2,,0,0,0,0,0,0,1,0,0,0,0,2
Thursday,2,135,2,2,2,2,,0,0,0,1,0,0,0,0,0,1,0,1
Thursday,2,242,2,85,51,51,,1,0,0,0,0,0,0,1,0,0,1,0
Thursday,1,78,2,122,2,2,,0,0,0,0,0,0,0,0,0,0,0,0
Thursday,0,74,2,118,2,2,,0,0,0,0,0,0,0,0,0,0,0,0
Thursday,0,231,2,121,51,2,,1,0,0,0,0,0,0,1,0,0,1,0
Wednesday,23,83,2,2,2,2,,0,0,1,0,1,1,0,1,0,0,2,0
Wednesday,23,163,2,27,51,2,,1,0,0,0,0,0,0,0,0,0,0,1
Wednesday,23,74,2,129,2,2,,0,0,0,0,0,0,0,0,0,0,0,0
Wednesday,22,252,2,58,2,2,,0,0,0,0,0,0,1,0,0,1,0,3
Wednesday,21,91,2,2,2,2,,0,0,0,0,0,0,0,0,0,0,0,0
Wednesday,21,138,2,27,2,2,,0,0,0,0,0,0,0,0,0,0,0,1
Wednesday,20,49,2,2,2,2,,0,0,0,0,0,0,0,0,0,0,0,0
Wednesday,19,107,2,2,2,2,,0,0,0,1,0,0,1,0,1,1,0,1
Wednesday,19,170,2,2,2,2,,0,0,1,0,0,1,2,0,0,0,1,3
Wednesday,18,148,2,2,2,2,,0,0,0,0,0,0,1,0,0,1,0,2
Wednesday,18,272,2,2,2,2,,0,0,1,3,1,1,3,1,2,3,2,6
Wednesday,18,220,2,2,2,2,,0,0,0,0,0,0,0,0,0,0,0,0
Wednesday,17,223,2,2,51,54,,1,0,0,0,0,0,0,0,0,0,0,1
Wednesday,10,116,2,2,2,2,,0,0,0,0,0,1,0,0,0,0,1,0
Wednesday,4,56,2,2,2,2,,0,0,0,0,0,0,0,0,0,0,0,0
Wednesday,3,162,2,2,51,2,,1,0,0,0,0,1,0,0,0,0,0,0
Wednesday,2,47,2,2,2,2,,0,0,0,0,0,0,0,0,0,0,0,0
Wednesday,2,180,2,2,102,2,,1,0,0,2,1,0,2,0,1,2,1,2
Wednesday,1,120,2,2,2,2,,0,0,0,0,0,0,0,1,0,0,2,0
Wednesday,0,57,2,2,51,2,,1,0,0,0,0,0,0,0,0,0,0,0
Wednesday,0,144,2,2,2,2,59.0,0,0,0,0,0,0,1,0,0,1,0,1
Tuesday,23,102,2,2,51,17,,1,0,0,0,0,0,0,0,0,0,0,0
Tuesday,23,118,2,2,2,2,,0,0,0,0,0,0,0,0,0,1,0,1
Tuesday,23,107,2,2,51,2,,1,0,0,1,0,0,0,0,0,1,0,2
Tuesday,22,67,2,60,2,2,,0,0,0,0,0,0,0,0,0,0,0,0
Tuesday,21,255,2,2,2,2,,0,0,0,1,1,1,1,1,1,1,2,3
Tuesday,21,121,2,58,2,2,,1,0,0,0,0,0,0,0,0,0,0,0
Tuesday,20,151,2,2,2,2,,0,0,1,1,0,1,2,1,0,2,1,2
Tuesday,20,96,2,2,2,2,,0,0,0,0,0,0,0,0,0,0,0,0
Tuesday,20,190,2,27,51,18,,1,0,0,0,0,0,0,1,0,0,0,3
Tuesday,20,117,2,2,51,2,,1,0,0,0,0,0,0,0,0,0,0,0
Tuesday,18,56,2,2,2,2,,0,0,0,0,0,0,0,0,0,0,0,0
Tuesday,10,134,2,2,2,2,,0,0,0,0,0,0,1,0,0,1,0,1
Tuesday,5,70,2,2,51,2,,1,0,0,0,0,1,0,0,0,0,0,0
Tuesday,3,154,2,2,51,2,,1,0,1,1,1,1,1,1,1,1,2,1
Tuesday,2,259,2,2,51,2,,1,0,0,1,0,0,2,0,1,1,0,2
Tuesday,1,250,2,2,2,2,,0,0,1,0,0,0,2,0,0,1,1,2
Tuesday,1,72,2,2,2,2,,0,0,0,0,0,0,0,0,0,0,0,1
Tuesday,1,232,2,60,2,2,,0,0,0,1,0,0,1,0,1,1,0,1
Tuesday,1,80,2,175,2,2,,0,0,0,0,0,0,0,0,0,0,0,0
Tuesday,1,200,2,83,2,36,,0,0,0,1,0,0,1,0,0,3,1,2
Tuesday,0,63,2,2,2,2,,0,0,0,0,0,0,0,0,0,0,0,0
Tuesday,0,36,2,2,2,2,,0,0,0,0,0,0,1,0,0,0,0,1
Tuesday,0,150,2,63,2,79,,0,0,0,0,0,0,0,0,0,0,0,1
Tuesday,0,131,2,2,2,2,,0,0,0,2,0,1,2,0,1,1,0,3
Tuesday,0,308,2,2,63,18,,1,0,1,0,0,1,1,0,1,1,2,1
Monday,21,313,77,2,51,2,,1,0,1,3,0,1,3,1,2,3,2,5
Monday,20,118,2,2,2,2,,0,0,0,0,0,0,0,0,0,0,0,0
Monday,20,114,2,60,51,29,,1,0,0,0,0,0,0,0,0,0,0,0
Monday,19,150,2,2,51,2,,1,0,0,0,0,0,0,0,0,0,0,0
Monday,14,66,2,2,2,2,,0,0,1,0,0,0,0,0,0,0,0,0
Monday,5,260,2,2,2,2,,0,0,0,0,0,0,1,0,0,1,1,1
Monday,5,134,2,2,2,2,,0,0,0,2,0,0,1,0,1,2,0,2
Monday,4,197,2,2,2,2,,0,0,0,0,1,0,0,1,0,0,0,2
Monday,4,177,2,2,51,2,,1,0,0,0,0,0,0,0,0,0,0,2
Monday,3,150,2,2,102,2,,1,0,0,0,0,1,1,0,0,0,0,1
Monday,2,88,2,2,51,2,,1,0,0,0,0,0,0,0,0,0,0,1
Monday,0,96,2,122,2,2,,0,0,0,1,0,0,1,1,1,1,0,1
Monday,0,289,80,2,2,2,,0,0,0,0,0,0,0,0,0,0,0,1
Sunday,23,53,2,2,2,2,,0,0,0,0,0,0,0,0,0,0,0,2
Sunday,23,77,2,2,2,2,,0,0,0,1,0,0,0,0,0,0,0,1
Sunday,22,252,2,27,102,2,,1,0,0,0,0,0,1,0,0,0,0,1
Sunday,22,253,2,27,102,2,,1,0,0,1,0,0,2,1,2,2,2,4
Sunday,22,240,2,2,2,2,,0,0,2,1,1,1,1,0,1,1,2,1
Sunday,22,55,2,2,2,2,,0,0,0,0,0,1,0,0,0,0,0,0
Sunday,21,65,2,2,102,2,,1,0,0,0,0,0,0,0,0,0,0,0
Sunday,21,116,2,2,2,2,,0,0,0,0,0,2,0,0,0,0,1,0
Sunday,21,136,2,91,2,2,,0,0,0,0,0,1,0,0,0,0,0,1
Sunday,21,283,2,44,51,20,,1,0,0,1,0,1,0,0,0,1,1,0
Sunday,21,58,2,2,2,2,,0,0,0,0,0,0,1,0,0,1,0,1
Sunday,20,175,2,60,51,31,,1,0,0,0,0,0,0,0,0,0,0,0
Sunday,20,178,2,2,2,24,,0,0,0,1,0,0,1,0,0,0,0,3
Sunday,20,48,2,2,2,2,,0,0,0,0,0,0,0,0,0,0,0,1
Sunday,19,125,2,2,51,2,,1,0,0,1,0,0,1,0,1,1,0,2
Sunday,17,198,2,168,2,2,,0,0,0,0,0,1,2,0,0,2,1,2
Sunday,17,127,2,148,2,2,,0,0,0,0,0,0,0,0,0,0,0,0
Sunday,15,276,2,2,2,2,,0,0,0,1,0,0,2,0,1,2,0,3
Sunday,15,159,2,2,2,2,,0,0,0,1,0,0,0,0,0,0,1,0
Sunday,12,113,2,2,2,2,,0,0,0,0,0,1,0,0,0,0,1,0
Sunday,3,47,2,2,51,2,,1,0,0,0,0,0,0,0,0,0,0,0
Sunday,3,235,2,2,2,2,,0,0,0,0,0,0,0,0,0,0,0,1
Sunday,2,122,2,2,51,2,,1,0,0,0,0,0,0,0,0,0,0,2
Sunday,1,75,2,2,2,2,,0,0,0,1,0,0,0,0,0,0,0,0
Saturday,23,197,2,2,51,56,,1,0,0,0,0,0,0,0,0,0,0,0
Saturday,23,228,2,27,2,2,,0,0,0,1,0,0,2,1,2,2,2,4
Saturday,22,230,2,2,2,2,,0,0,0,0,0,0,1,0,0,2,0,3
Saturday,22,228,2,2,2,2,,0,0,1,1,0,1,0,1,0,0,5,0
Saturday,20,255,2,2,2,2,,0,0,2,0,1,1,0,0,0,1,2,0
Saturday,19,145,2,38,51,2,,1,0,0,0,0,0,0,0,0,0,0,1
Saturday,15,59,2,2,2,2,,0,0,1,0,0,0,0,0,0,0,1,0
Saturday,6,121,2,2,2,2,,0,0,0,0,0,1,0,0,0,0,1,0
Saturday,1,120,2,2,2,2,,0,0,0,0,0,1,0,0,0,0,0,1
Saturday,0,58,2,2,2,2,,0,0,0,0,0,0,0,0,0,0,0,0
Saturday,0,104,2,2,51,2,,1,0,0,0,0,0,0,0,0,0,0,0
Friday,23,85,2,2,2,2,,0,0,0,0,0,0,0,0,1,0,1,0
Friday,19,34,2,2,2,2,,0,0,0,0,0,0,0,0,0,0,0,0
Friday,15,266,2,39,51,49,,1,0,0,0,0,0,0,0,0,0,0,4
Friday,14,102,2,2,2,2,,0,0,0,0,0,0,0,0,0,0,0,0
Friday,14,271,2,2,51,28,,1,0,0,1,0,0,1,0,0,1,0,1
Friday,13,281,2,2,51,2,,1,0,2,2,3,2,2,2,1,2,3,2
Friday,10,177,2,2,2,2,,0,0,1,2,0,0,2,0,1,1,0,2
Friday,10,143,75,2,102,46,,1,0,0,0,0,0,0,0,0,0,0,1
Friday,10,123,2,2,153,2,,1,0,0,0,0,0,0,0,0,0,0,1
Friday,9,111,2,2,2,2,,0,0,0,0,0,0,0,0,0,0,0,0
Friday,4,246,2,2,2,2,,0,0,1,0,0,2,0,1,1,1,2,0
Friday,1,52,2,25,2,2,,0,0,0,0,0,0,0,0,0,0,0,0
Friday,1,33,2,2,2,2,,0,0,0,0,0,0,1,0,0,2,0,2
Friday,1,86,2,2,2,2,,0,0,0,0,0,0,0,0,0,0,0,0
Thursday,23,164,2,2,51,29,,1,0,1,1,0,1,0,2,0,0,2,0
Thursday,22,309,2,78,51,21,,1,0,0,0,0,0,1,0,0,1,0,1
Thursday,21,86,2,2,2,2,,0,0,0,0,0,0,0,0,0,0,0,0
Thursday,19,232,2,2,51,2,,1,0,0,0,0,0,0,0,0,0,0,1
Thursday,16,59,2,64,2,2,,0,0,0,0,0,0,0,0,0,0,0,0
Thursday,16,227,2,26,51,20,,1,0,0,0,1,1,0,0,0,0,1,0
Thursday,16,106,76,2,51,2,,1,0,0,1,0,0,2,0,0,1,0,2
Thursday,13,119,2,2,63,2,,1,0,0,0,0,0,1,0,0,2,0,2
Thursday,12,214,2,63,2,23,,0,0,0,0,0,1,0,1,0,0,0,3
Thursday,5,67,2,2,51,19,,1,0,0,0,0,0,0,0,0,0,0,2
Thursday,4,173,2,2,2,2,,0,0,0,0,0,0,0,0,0,1,0,2
Thursday,4,40,2,2,2,2,,0,0,0,0,0,0,0,0,0,0,0,0
Thursday,3,198,2,2,2,2,,0,0,0,0,0,0,1,0,1,1,0,2
Thursday,3,281,2,55,2,2,,0,0,1,1,0,1,2,1,1,2,1,5
Thursday,2,125,2,2,2,2,,0,0,0,1,0,0,1,0,1,1,0,1
Thursday,1,279,2,2,2,2,,0,0,0,0,1,0,0,0,0,3,1,2
Thursday,0,103,81,137,2,42,,0,0,0,0,0,0,2,0,0,1,0,2
Thursday,23,65,2,2,51,2,,1,0,0,0,0,0,0,0,0,0,1,1
Thursday,23,45,2,48,2,2,,0,0,0,0,0,0,0,0,0,0,0,0
Thursday,22,128,2,2,2,2,,0,0,0,0,0,0,1,0,0,1,0,2
Thursday,20,269,2,2,51,8,,1,0,0,1,0,1,1,0,0,2,0,2
Thursday,20,135,2,2,2,2,,0,0,0,0,0,0,1,0,0,0,1,1
Thursday,20,298,2,27,153,60,,1,0,0,2,0,0,2,2,0,2,2,2
Thursday,18,256,2,2,204,11,,1,0,0,1,0,0,1,0,0,1,0,1
Thursday,18,253,2,2,2,2,,0,0,0,0,0,0,0,1,1,0,1,2
Thursday,15,110,2,2,2,2,,0,0,0,1,0,0,1,0,2,1,1,1
Thursday,14,192,2,2,2,2,,0,0,0,1,0,0,1,0,0,0,1,1
Thursday,13,241,2,2,2,2,,0,0,0,0,0,0,1,0,0,2,0,2
Thursday,11,210,2,2,2,2,,0,0,0,1,0,0,1,0,1,1,1,1
Thursday,8,279,2,2,2,2,,0,0,0,0,0,0,1,0,0,1,0,1
Thursday,4,255,2,2,2,2,,0,0,0,0,0,1,3,1,0,1,2,3
Thursday,3,118,2,2,2,2,,0,0,0,0,0,0,1,0,0,0,1,1
Thursday,3,245,2,63,2,23,,0,0,0,1,0,1,2,0,1,1,1,2
Thursday,2,96,2,2,2,2,,0,0,0,1,0,0,1,0,0,1,0,2
Thursday,1,255,2,2,2,2,,0,0,0,1,0,0,1,0,1,1,0,2
Thursday,0,181,2,2,2,2,,0,0,0,0,0,0,0,0,0,0,0,1
Tuesday,23,81,2,2,2,2,,0,0,0,0,0,0,0,0,0,0,0,0
Tuesday,23,130,2,2,2,2,,0,0,0,2,0,0,2,0,1,0,0,2
Tuesday,23,293,2,29,51,2,,1,0,0,0,0,0,1,0,0,0,0,4
Tuesday,23,183,2,2,2,2,,0,0,0,0,0,0,0,0,1,2,2,2
Tuesday,23,168,2,100,2,2,,0,0,0,1,0,0,2,0,1,1,0,2
Tuesday,23,139,2,2,2,2,,0,0,0,1,0,0,1,0,1,1,0,2
Tuesday,23,201,2,2,2,2,,0,0,0,3,0,0,3,0,2,3,0,5
Tuesday,23,167,2,85,2,2,,0,0,0,0,0,0,0,0,0,0,0,1
Tuesday,23,133,2,2,2,2,,0,0,0,0,0,0,1,0,0,0,0,1
Tuesday,23,138,2,2,2,2,,0,0,0,0,0,0,0,0,0,0,0,1
Tuesday,23,136,2,2,2,2,,0,0,0,0,0,0,1,0,0,0,0,1
Tuesday,23,116,2,2,2,2,,0,0,0,0,0,0,1,0,1,0,1,1
Tuesday,23,124,2,76,2,2,,0,0,0,0,0,0,0,0,0,1,0,1
Tuesday,23,112,2,2,2,2,,0,0,0,0,0,0,0,0,0,0,0,1
Tuesday,23,277,80,2,2,2,,0,0,0,0,0,0,0,0,0,0,0,2
Tuesday,22,255,2,2,2,2,,0,0,0,2,0,0,2,0,1,2,0,2
Tuesday,21,63,2,2,2,2,,0,0,0,0,0,0,0,0,0,0,0,0
Tuesday,20,180,2,2,51,2,,1,0,0,0,0,0,0,0,0,0,0,0
Tuesday,19,134,2,2,51,2,,1,0,0,0,0,1,1,1,1,1,2,2
Tuesday,16,255,2,2,2,2,,0,0,0,2,1,1,2,0,0,2,2,3
Tuesday,14,53,2,2,2,2,,0,0,0,1,0,0,1,0,2,1,1,1
Tuesday,13,82,2,2,2,2,,0,0,0,1,0,0,0,0,0,1,0,1
Tuesday,11,239,2,2,2,2,,0,0,0,3,0,0,4,1,2,3,0,4
Tuesday,10,130,2,2,2,2,,0,0,0,0,0,0,0,0,1,0,1,1
Tuesday,4,190,77,2,51,2,,1,0,0,0,0,0,0,0,0,0,1,0
Tuesday,4,255,2,60,2,2,,0,0,0,1,0,0,2,1,1,2,1,3
Tuesday,4,96,2,2,2,2,,0,0,0,1,0,1,0,0,1,1,0,1
Tuesday,3,62,2,2,2,2,,0,0,0,0,0,0,0,0,0,0,0,0
Tuesday,3,51,2,2,63,2,,1,0,0,0,0,0,0,0,0,0,0,0
Tuesday,1,76,2,2,2,2,,0,0,0,0,0,0,0,0,0,1,0,1
Tuesday,0,301,2,2,51,2,,1,0,0,2,0,0,2,0,0,2,0,5
Saturday,23,304,156,26,2,2,,1,0,0,0,1,0,0,0,0,0,1,0
Saturday,22,106,2,2,51,2,,1,0,0,0,0,0,0,0,0,0,0,1
Saturday,22,95,2,2,51,2,,1,0,0,1,0,0,0,0,0,0,0,1
Saturday,20,148,2,2,2,2,,0,0,0,2,1,0,2,0,2,2,0,4
Saturday,20,301,2,27,153,123,,1,0,1,0,0,0,0,0,0,0,1,3
Saturday,19,300,2,32,2,27,,1,0,0,2,0,0,3,0,0,3,0,3
Saturday,18,125,2,2,2,2,,0,0,0,1,0,0,2,0,1,2,0,3
Saturday,17,290,2,2,51,2,,1,0,0,3,0,1,1,0,0,0,1,3
Monday,21,119,2,63,2,2,,0,0,1,0,0,1,1,1,0,0,2,0
Monday,21,124,2,63,2,2,,0,0,0,0,0,0,0,0,0,0,0,0
Monday,21,180,2,63,2,2,,0,0,0,1,0,1,1,0,1,0,0,2
Monday,19,191,2,2,51,2,,1,0,0,0,1,0,0,0,1,0,1,2
Monday,19,139,2,2,2,2,,0,0,1,0,1,1,0,1,0,0,1,0
Monday,15,308,2,2,51,2,,1,0,0,0,0,0,1,0,0,0,0,2
Monday,3,43,2,2,2,2,,0,0,0,0,0,0,0,0,0,0,0,1
Sunday,21,253,2,2,2,2,,0,0,0,0,2,0,1,2,0,1,2,1
Sunday,19,278,2,2,2,2,,0,0,0,1,0,1,0,1,0,2,1,4
Sunday,19,245,2,2,2,2,,0,0,0,1,0,0,0,0,0,1,0,2
Sunday,18,255,2,2,2,2,,0,0,1,1,1,0,3,1,1,3,2,3
Sunday,18,58,2,2,2,2,,0,0,0,0,0,0,0,0,0,0,0,1
Sunday,16,254,2,2,2,2,,0,0,1,0,0,1,0,1,0,1,1,1
Sunday,12,292,148,2,51,2,,1,0,0,1,0,0,1,0,0,1,0,3
Sunday,6,269,2,2,2,34,,0,0,1,0,0,2,0,0,0,0,1,3
Sunday,5,179,2,2,2,2,,0,0,0,0,0,0,0,0,0,0,0,0
Sunday,2,249,2,2,2,2,,0,0,2,0,0,0,0,0,0,1,1,2
Sunday,0,126,2,2,2,2,,0,0,1,1,0,1,0,0,0,1,0,2
Saturday,23,113,2,2,2,2,,0,0,0,1,0,0,1,0,1,2,0,2
Saturday,19,187,73,2,63,2,58.0,1,0,0,1,0,0,1,0,1,1,0,2
Saturday,19,196,2,2,2,2,,0,0,0,1,0,0,0,0,1,3,0,2
Saturday,18,193,2,2,2,2,,0,0,0,1,0,0,0,0,0,0,0,1
Saturday,18,162,2,2,2,2,,0,0,0,0,1,0,1,0,0,1,1,3
Saturday,17,303,68,2,51,2,,1,0,0,2,0,0,2,0,1,2,1,5
Saturday,16,286,2,2,51,2,,1,0,1,1,3,1,0,2,1,0,3,2
Saturday,15,298,2,2,51,23,,1,0,1,0,0,0,1,0,0,1,0,3
Saturday,12,305,2,64,102,2,,1,0,0,1,0,0,1,1,1,0,0,1
Saturday,4,281,2,2,51,32,,1,0,1,0,1,0,0,0,0,0,2,1
Saturday,0,194,2,2,51,2,,1,0,0,0,0,0,0,0,0,0,0,0
Friday,21,171,2,2,51,2,,1,0,1,0,1,1,0,1,1,1,2,0
Friday,5,305,2,2,51,2,,1,0,1,0,1,1,1,1,1,1,3,3
Friday,1,263,2,29,51,2,,1,0,0,0,0,1,1,0,0,1,0,3
Thursday,22,250,2,2,2,2,,0,0,0,0,0,0,0,0,0,0,0,4
Thursday,18,163,2,2,2,2,,0,0,0,1,0,0,0,0,0,1,0,1
Thursday,14,253,2,2,102,91,,1,0,0,0,0,0,1,1,0,0,1,2
Thursday,1,128,2,2,2,2,,0,0,0,0,0,0,0,0,0,0,0,0
Wednesday,21,302,2,2,51,82,,1,0,0,0,0,0,1,0,0,1,0,2
Wednesday,21,223,2,2,2,2,,0,0,0,4,0,0,2,0,2,2,1,2
Wednesday,20,135,2,2,51,2,,1,0,1,0,1,1,1,1,0,0,2,1
Wednesday,18,251,2,2,51,61,,1,0,0,1,1,0,1,0,0,1,1,1
Wednesday,17,164,2,2,51,2,,1,0,0,0,0,0,0,0,0,0,0,0
Wednesday,7,253,2,2,2,2,,0,0,0,5,0,0,2,0,2,2,1,2
Tuesday,23,114,2,2,51,2,,1,0,0,0,0,0,0,0,0,0,0,0
Tuesday,21,213,2,67,2,2,,0,0,0,1,0,0,1,0,0,2,0,2
Tuesday,21,304,2,2,51,41,,1,0,0,3,0,0,4,1,0,3,1,5
Tuesday,18,43,2,2,2,2,,0,0,0,0,0,0,0,0,0,0,0,0
Tuesday,17,252,2,2,51,2,,1,0,0,2,1,0,1,0,0,2,2,3
Tuesday,16,304,2,2,51,36,,1,0,0,1,0,0,2,0,1,2,0,2
Tuesday,14,110,2,2,2,2,,0,0,0,0,0,0,0,0,0,0,0,1
Tuesday,6,81,2,2,2,2,,0,0,0,0,0,0,0,0,0,0,0,0
Tuesday,2,282,89,69,51,23,,1,0,0,0,1,0,0,0,0,0,1,0
Monday,20,188,2,2,51,42,,1,0,0,1,0,0,0,0,0,0,0,1
Monday,18,154,104,2,63,2,,1,0,0,0,0,0,0,0,0,1,0,2
Monday,16,89,2,2,2,2,,0,0,0,0,1,0,0,0,0,0,1,0
Monday,7,127,2,2,2,2,,0,0,0,0,0,0,0,0,0,0,0,0
Monday,2,245,2,2,2,2,,0,0,0,0,0,0,0,0,0,2,0,4
Sunday,20,251,2,2,2,2,,0,0,1,0,0,1,0,1,0,0,1,4
Sunday,19,151,2,2,2,2,,0,0,1,0,3,1,1,2,0,0,3,2
Sunday,18,238,2,2,2,2,,0,0,0,1,1,0,1,0,0,1,1,4
Sunday,5,104,2,2,63,2,,1,0,0,0,0,0,0,0,0,0,0,0
Sunday,5,308,2,2,51,9,,1,0,0,0,0,0,0,0,0,0,0,0
Sunday,3,104,2,2,2,2,,0,0,0,0,1,0,0,0,0,0,1,1
Sunday,0,73,2,2,2,2,58.0,0,0,0,0,0,0,1,0,0,1,0,1
Saturday,19,250,2,2,2,2,,0,0,0,0,0,0,0,1,0,0,1,1
Saturday,18,236,2,2,51,54,,1,0,0,1,0,0,1,0,0,0,0,4
Saturday,18,255,2,2,2,2,,0,0,0,1,0,0,1,0,1,1,0,1
Saturday,5,149,2,2,2,2,,1,0,0,0,0,0,0,0,0,0,0,1
Friday,23,129,2,2,2,2,,0,0,0,0,1,0,0,0,0,0,1,0
Friday,20,72,70,2,2,2,,0,0,0,0,0,0,0,0,0,0,0,1
Friday,19,155,2,2,51,2,,1,0,0,0,2,0,0,0,0,0,2,0
Friday,17,214,2,2,2,2,,0,0,0,0,0,0,1,0,0,1,0,4
Friday,12,201,2,62,51,2,,1,0,0,1,0,0,0,0,0,0,0,1
Friday,3,260,2,2,51,2,,1,0,1,0,0,1,1,0,0,1,2,2
Friday,2,99,2,2,2,2,,0,0,0,0,0,0,0,0,0,0,0,1
Friday,2,192,2,2,2,2,,0,0,0,0,0,0,0,0,0,0,0,1
Friday,1,294,88,2,51,14,,1,0,0,0,0,0,0,0,0,1,0,2
Thursday,23,304,2,2,51,19,,1,0,0,1,0,0,1,0,0,1,1,3
Thursday,21,253,2,2,2,2,,0,0,0,0,0,0,0,0,0,0,1,1
Thursday,19,274,2,26,51,79,,1,0,0,0,0,0,0,0,0,2,0,3
Thursday,5,219,2,2,2,2,,0,0,1,2,1,2,3,2,2,2,1,4
Thursday,3,196,2,2,2,2,,0,0,1,1,2,1,1,1,1,2,2,6
Thursday,3,100,2,2,2,2,,0,0,0,0,0,0,0,0,0,0,0,0
Thursday,2,255,102,2,204,14,,1,0,0,0,1,0,0,0,0,0,1,1
Thursday,2,266,2,2,51,73,,1,0,0,1,0,0,1,0,0,0,0,4
Thursday,0,178,2,2,2,2,,0,0,1,1,0,0,1,0,1,1,0,2
Thursday,22,191,2,2,51,2,,1,0,0,1,1,0,1,0,1,1,1,1
Thursday,21,171,2,2,2,2,,1,0,0,0,0,0,0,0,0,0,0,3
Thursday,20,305,84,25,51,14,,1,0,0,0,0,0,0,0,0,1,1,0
Thursday,20,305,84,25,51,14,,1,0,0,0,0,0,0,0,0,1,1,0
Thursday,19,253,2,2,2,2,,0,0,0,0,0,0,0,0,0,0,1,1
Thursday,7,123,2,2,2,2,,0,0,0,0,0,0,0,0,0,0,0,0
Thursday,3,228,2,2,51,2,,1,0,0,0,1,0,0,0,0,0,1,0
Tuesday,22,128,2,2,2,2,,1,0,0,0,0,0,0,0,0,0,0,1
Tuesday,16,301,2,2,51,26,,1,0,0,2,0,0,2,0,0,2,0,6
Tuesday,7,143,2,2,51,2,,1,0,0,0,0,0,0,0,0,0,0,2
Tuesday,5,136,2,2,63,2,,1,0,0,0,1,0,1,0,0,1,1,2
Tuesday,2,249,2,2,2,2,,0,0,1,0,0,0,1,0,0,1,1,2
Tuesday,0,90,2,2,2,2,,0,0,0,1,0,0,1,0,1,1,0,2
Tuesday,0,227,2,2,2,2,,0,0,0,1,1,0,0,2,1,1,3,1
Tuesday,0,239,2,2,63,2,,1,0,1,1,0,0,1,0,0,1,2,3
Saturday,22,251,2,2,2,2,,0,0,3,0,0,0,0,0,0,2,3,1
Saturday,18,232,2,2,2,2,,0,0,0,1,0,0,1,0,0,1,0,2
Saturday,17,258,2,2,51,2,,1,0,2,1,2,3,2,3,1,2,3,3
Saturday,13,244,2,85,2,2,,0,0,0,0,0,0,1,0,1,2,0,6
Saturday,3,301,2,2,51,2,,1,0,0,0,0,0,1,0,0,1,0,4
Saturday,3,253,2,2,2,2,,0,0,0,1,0,0,0,0,0,1,0,1
Saturday,0,255,2,2,204,2,,1,0,0,0,0,0,0,0,0,1,0,0
Saturday,0,305,2,2,102,2,,1,0,0,3,1,0,2,0,0,2,2,3
Thursday,22,117,2,2,2,2,,0,0,0,1,1,0,1,0,1,1,1,1
Thursday,21,269,2,2,2,2,,0,0,0,1,0,0,1,0,1,1,0,1
Thursday,19,231,2,2,2,2,,0,0,0,1,1,0,1,0,0,1,1,2
Thursday,18,127,2,2,2,2,,0,0,0,1,0,0,2,0,1,1,0,3
Thursday,14,97,2,2,2,2,,0,0,0,0,0,0,0,0,0,0,0,2
Thursday,1,255,2,2,2,2,,0,0,0,1,1,0,0,0,0,0,1,1
Monday,22,159,2,2,2,2,,0,0,0,0,1,0,1,0,0,1,1,1
Monday,21,182,2,2,2,2,,0,0,2,0,3,1,0,1,0,1,3,0
Monday,18,272,2,2,2,2,,0,0,0,0,1,0,1,0,0,1,1,2
Monday,6,199,2,2,2,2,,0,0,0,1,0,1,1,1,1,1,1,1
Monday,4,255,2,42,51,2,,1,0,0,1,0,0,0,0,0,0,0,1
Monday,2,228,2,2,2,2,,0,0,0,0,0,0,0,0,0,0,0,0
Monday,2,291,2,36,51,85,,1,0,0,0,1,0,0,0,0,0,2,2
Monday,1,185,2,2,102,87,,1,0,0,0,0,0,1,0,0,1,0,2
Friday,22,244,2,2,51,18,,1,0,1,1,1,0,1,0,1,2,1,3
Friday,20,200,81,2,2,6,,0,0,0,0,0,0,0,0,0,0,1,2
Friday,19,142,2,2,2,2,,0,0,0,2,0,0,1,0,0,1,0,1
Friday,17,71,2,2,2,2,,0,0,0,0,0,0,0,0,0,0,0,1
Wednesday,20,265,2,2,102,2,,1,0,1,2,1,0,2,0,1,2,3,2
Wednesday,20,152,2,2,2,2,,0,0,0,0,0,0,0,0,0,0,0,0
Wednesday,18,284,2,2,51,2,,1,0,0,4,0,0,4,0,0,0,0,5
Wednesday,17,219,2,2,2,22,,0,0,0,1,0,1,1,1,1,1,1,4
Wednesday,6,243,2,2,2,2,,0,0,0,1,0,0,0,0,0,1,1,1
Wednesday,2,174,2,2,2,2,,0,0,0,1,1,0,1,0,1,1,1,2
Wednesday,1,53,2,2,2,2,,0,0,0,0,0,0,1,0,0,1,0,1
Sunday,22,273,2,2,2,46,,0,0,0,1,1,1,0,0,0,0,2,0
Sunday,19,278,2,2,51,43,,1,0,0,0,0,0,1,0,1,2,0,5
Sunday,15,165,2,2,102,2,,1,0,1,0,1,0,0,0,0,0,0,1
Sunday,14,165,2,2,51,2,,1,0,0,0,1,0,1,0,0,1,2,2
Sunday,9,117,2,46,2,2,,0,0,2,0,0,1,0,1,0,0,2,0
Sunday,4,203,2,2,2,2,,0,0,0,0,1,0,0,0,0,0,1,0
Friday,18,184,2,2,204,2,,1,0,0,0,2,0,0,1,0,0,4,1
Friday,1,123,2,2,2,2,,0,0,0,0,1,0,0,0,0,0,1,0
Friday,0,121,2,2,2,2,,0,0,0,1,0,0,2,0,1,2,1,3
Friday,0,143,2,2,51,26,,1,0,0,0,1,0,0,0,0,0,2,1
Tuesday,22,170,2,2,2,2,,0,0,1,0,1,0,0,0,0,0,1,0
Tuesday,8,255,2,2,51,2,,1,0,0,1,0,0,3,0,2,5,0,6
Tuesday,3,140,2,2,2,2,,0,0,0,0,0,0,0,1,0,1,1,3
Tuesday,0,80,2,2,2,2,,0,0,0,0,1,0,1,0,0,0,1,1
Tuesday,22,99,2,2,2,2,,0,0,0,0,0,0,0,0,1,0,0,0
Tuesday,17,82,2,2,2,2,,0,0,0,0,1,0,1,0,0,1,1,4
Tuesday,4,104,2,2,2,10,,0,0,0,0,0,0,0,0,0,1,1,2
Tuesday,3,210,2,2,2,2,,0,0,1,1,2,0,2,1,1,1,4,1
Saturday,23,231,2,2,2,2,,0,0,0,0,0,0,0,0,0,0,0,1
Saturday,16,215,71,2,2,2,,0,0,0,2,0,0,2,0,1,2,0,2
Saturday,14,66,2,2,2,2,,0,0,0,0,0,0,0,0,0,0,0,1
Saturday,13,246,2,2,2,2,,0,0,0,0,1,0,0,0,0,0,1,0
Saturday,8,133,2,2,2,2,,0,0,0,0,1,0,0,0,0,0,1,0
Saturday,3,288,77,2,2,2,,1,0,2,2,2,2,0,2,0,2,4,3
Saturday,0,108,2,2,2,2,,0,0,0,0,0,0,0,0,0,0,1,0
Friday,22,144,2,2,2,2,,0,0,0,0,1,0,0,0,0,0,1,0
Friday,21,161,2,2,2,48,,1,0,0,0,0,0,0,1,0,0,1,0
Friday,20,219,2,2,102,2,,1,0,1,0,0,2,1,1,1,0,1,1
Friday,20,115,78,2,2,2,,0,0,0,0,0,0,0,0,0,0,0,1
Friday,18,246,78,2,2,2,,0,0,1,1,1,1,0,1,0,2,2,3
Friday,17,185,2,2,51,2,,1,0,0,1,0,0,0,0,0,1,0,2
Friday,4,219,2,2,2,2,,0,0,0,2,1,0,2,1,1,2,1,4
Friday,2,212,2,2,102,2,,1,0,0,0,1,0,0,1,0,1,2,2
Thursday,22,66,2,2,2,2,,0,0,0,0,0,0,0,0,0,0,0,1
Thursday,3,154,2,2,2,2,,0,0,0,1,0,0,1,0,0,1,0,1
Thursday,3,155,2,2,2,2,,0,0,0,2,1,0,1,0,0,2,1,2
Thursday,2,154,2,2,2,2,,0,0,0,0,0,0,0,0,0,0,0,0
Thursday,1,128,2,2,51,2,,1,0,0,0,0,0,0,0,0,1,0,0
Wednesday,22,191,2,2,2,2,57.0,0,0,1,3,0,0,3,0,2,2,2,4
Wednesday,20,279,2,26,51,2,,1,0,0,3,0,0,3,0,1,2,0,3
Wednesday,19,78,2,2,2,2,60.0,0,0,0,0,0,0,0,0,0,0,0,1
Wednesday,5,163,2,2,2,2,59.0,0,0,0,0,0,0,0,2,0,0,0,0
Tuesday,21,253,2,2,2,2,,0,0,0,1,0,0,1,0,0,1,1,3
Tuesday,21,233,2,2,51,23,,1,0,0,1,0,0,1,0,0,1,0,2
Tuesday,20,310,2,44,2,33,,1,0,2,0,0,1,1,2,1,0,2,0
Tuesday,10,124,2,2,2,2,,0,0,0,0,0,0,0,0,0,0,0,1
Tuesday,3,215,2,2,51,2,,1,0,1,1,0,0,1,0,0,1,0,3
Tuesday,0,133,2,2,2,2,,0,0,0,0,0,0,0,0,1,0,0,0
Monday,19,170,2,26,51,2,,1,0,1,1,1,0,2,0,0,1,2,3
Sunday,21,182,2,2,51,2,,1,0,0,0,1,0,0,1,0,0,1,0
Sunday,7,210,2,2,2,2,,0,0,0,0,0,0,0,0,0,0,0,0
Sunday,0,137,2,2,2,2,,0,0,0,1,0,0,0,0,0,1,1,1
Saturday,21,259,2,2,2,2,,1,0,0,0,0,0,2,0,1,1,0,3
Saturday,20,292,2,2,51,2,,1,0,1,2,1,1,1,0,1,2,0,2
Saturday,16,138,2,2,51,2,,1,0,0,0,0,0,0,0,0,0,0,2
Saturday,15,255,2,2,2,2,,0,0,0,0,1,0,0,0,0,0,1,1
Saturday,14,275,2,2,2,2,,0,0,0,1,1,0,1,0,0,1,1,3
Saturday,3,108,2,2,2,2,,0,0,1,1,0,0,3,1,0,0,1,4
Saturday,3,93,2,2,2,2,,0,0,0,0,0,0,0,0,0,0,0,1
Saturday,2,215,2,2,2,2,,0,0,0,2,0,1,2,0,0,1,1,1
Saturday,0,205,2,2,2,2,,0,0,1,1,0,1,0,1,0,1,2,1
Friday,18,207,2,2,2,15,,1,0,0,0,0,0,0,0,0,1,0,1
Friday,17,298,2,2,51,123,,1,0,0,2,0,0,2,0,0,0,1,5
Friday,9,255,2,2,2,2,,0,0,0,3,0,0,1,2,1,4,2,2
Friday,8,83,2,2,2,2,,0,0,0,0,0,0,1,0,0,0,0,1
Friday,6,256,70,67,2,2,,0,0,0,0,1,0,0,0,0,0,1,1
Friday,4,59,2,2,2,2,62.0,0,0,0,0,0,0,0,0,0,0,0,0
Friday,2,147,2,2,51,2,,1,0,1,1,1,1,2,1,0,1,2,3
Friday,0,104,2,2,2,2,62.0,0,0,0,0,0,0,1,0,2,1,0,1
Friday,0,264,2,63,2,2,,0,0,0,0,0,0,0,0,0,0,0,2
Thursday,17,54,2,2,2,2,,0,0,0,0,0,0,0,0,0,0,0,1
Thursday,16,125,2,2,2,2,,0,0,0,0,0,0,0,0,0,1,0,0
Thursday,16,42,2,2,2,2,,0,0,0,0,0,0,0,0,0,0,0,0
Thursday,13,305,74,2,2,2,,1,0,0,2,1,0,1,0,0,2,1,4
Wednesday,23,208,2,2,2,2,,0,0,0,0,0,0,0,0,0,0,0,0
Wednesday,19,245,2,2,2,2,,0,0,0,0,0,0,0,0,0,0,0,2
Wednesday,19,166,2,2,51,2,,1,0,0,0,1,0,0,0,0,0,1,0
Wednesday,19,299,2,2,51,26,,1,0,0,1,1,0,1,1,0,1,1,3
Wednesday,17,298,85,2,51,16,,1,0,0,1,0,0,1,0,1,1,0,3
Wednesday,13,94,2,2,2,2,,0,0,0,0,0,0,0,0,1,0,0,0
Tuesday,23,248,2,2,2,2,,0,0,1,0,0,1,0,0,0,1,2,0
Tuesday,21,209,89,2,51,2,,1,0,0,0,0,0,0,0,0,0,0,0
Tuesday,20,268,2,2,51,2,,1,0,0,1,2,0,2,0,0,1,2,2
Monday,4,114,2,2,2,2,,0,0,0,0,0,0,0,0,0,1,0,0
Monday,1,180,2,2,2,2,,0,0,0,0,0,0,0,0,0,0,1,0
Sunday,21,293,79,2,51,123,,1,0,1,0,0,1,1,2,0,0,1,1
Sunday,16,170,2,2,63,2,,1,0,0,1,1,0,1,0,0,0,2,4
Sunday,14,241,2,2,2,2,,0,0,0,0,0,0,0,0,0,0,0,2
Sunday,14,305,2,26,51,2,,1,0,2,1,0,1,2,1,0,1,2,2
Sunday,8,69,2,2,2,2,,0,0,0,0,1,0,0,0,0,0,1,0
Sunday,3,213,2,2,2,2,,0,0,3,0,1,2,0,2,2,0,3,0
Saturday,22,64,2,2,2,2,,0,0,0,0,0,0,0,0,0,0,0,1
Saturday,15,72,2,2,2,2,,0,0,0,0,1,0,0,2,0,0,1,1
Saturday,3,64,2,2,2,2,,0,0,0,0,0,1,0,0,0,0,0,0
Friday,23,55,2,2,2,2,,0,0,0,0,0,0,0,0,0,0,0,1
Friday,22,166,2,2,51,2,,1,0,0,1,0,0,1,1,1,2,0,2
Friday,22,275,2,2,2,2,,0,0,0,0,0,0,0,0,0,0,0,0
Friday,21,184,2,2,51,2,,1,0,1,2,0,0,2,0,1,2,2,3
Friday,18,212,2,2,51,2,,1,0,0,0,0,0,0,0,0,0,0,1
Friday,12,188,2,2,2,2,,0,0,1,0,1,0,0,1,0,1,3,1
Friday,3,237,2,2,2,2,,0,0,0,3,0,0,1,0,1,2,2,4
Thursday,20,98,84,2,2,2,,0,0,0,0,0,0,0,0,0,0,0,0
Thursday,19,180,2,2,2,2,,0,0,1,0,1,1,0,1,0,0,2,0
Thursday,0,74,2,2,2,2,,0,0,0,0,0,0,0,0,0,0,0,0
Wednesday,17,223,2,63,2,2,,0,0,0,1,0,0,3,0,1,2,0,3
Wednesday,13,243,2,2,2,2,,0,0,0,2,2,0,2,0,1,2,2,8
Tuesday,16,103,2,2,2,2,,0,0,0,1,0,0,1,0,1,1,0,1
Monday,14,244,248,2,51,2,,1,0,0,0,0,0,0,0,0,0,0,2
Monday,4,74,2,2,2,2,,0,0,0,0,1,0,0,0,0,0,1,1
Monday,2,188,2,2,2,2,,0,0,1,0,0,1,0,1,1,0,1,1
Monday,0,75,2,2,2,2,,0,0,0,0,1,0,0,0,0,1,1,0
Sunday,23,106,2,2,2,2,,0,0,1,0,1,0,0,1,0,0,2,1
Sunday,19,151,2,2,2,2,,0,0,0,0,2,0,0,0,0,0,2,0
Sunday,8,205,2,2,2,2,,0,0,0,1,0,0,1,0,1,0,0,2
Friday,15,103,2,2,2,2,,0,0,0,0,0,0,0,0,0,0,0,1
Friday,4,132,2,2,2,2,,0,0,0,2,0,0,2,0,2,2,1,2
Friday,2,129,81,2,2,2,,0,0,0,0,0,0,0,0,0,0,0,0
Friday,1,305,2,2,51,2,,1,0,0,0,1,0,0,1,0,0,2,0
Tuesday,23,177,2,2,2,2,,0,0,0,1,0,0,1,0,1,2,1,2
Tuesday,18,271,2,2,51,44,,1,0,0,0,0,0,1,0,1,0,0,2
Tuesday,15,241,2,2,51,2,,1,0,0,0,1,0,0,0,1,1,1,2
Tuesday,9,225,2,2,2,2,,0,0,0,0,2,1,1,1,0,1,2,3
Tuesday,1,123,83,2,2,2,,0,0,0,0,0,0,0,1,0,0,0,0
Sunday,21,254,2,2,2,2,,0,0,2,2,0,0,1,0,1,3,2,5
Monday,23,91,2,34,51,19,,1,0,0,0,0,0,0,0,0,0,0,0
Monday,23,209,2,2,2,2,,0,0,0,0,0,2,0,1,0,0,1,0
Monday,22,34,2,2,2,2,62.0,0,0,0,1,0,0,1,0,0,1,0,1
Monday,22,245,2,2,2,2,,0,0,1,1,1,1,1,1,1,2,1,2
Monday,14,77,2,2,51,2,,1,0,0,0,0,0,0,1,0,0,0,0
Monday,9,233,2,26,51,2,,1,0,1,1,0,1,1,0,1,2,1,4
Monday,8,244,76,2,2,9,54.0,0,0,0,1,0,1,1,2,0,1,2,2
Monday,8,201,2,26,2,2,,0,0,1,1,0,1,1,0,1,2,1,4
Monday,7,65,2,2,2,2,,0,0,0,0,0,0,0,1,0,0,1,1
Monday,7,192,2,60,51,2,,1,0,1,1,0,1,1,0,0,1,0,3
Monday,4,44,2,2,2,2,,0,0,0,0,0,0,0,0,0,0,0,0
Monday,2,303,2,66,51,2,,1,0,1,1,0,1,1,1,0,1,1,3
Monday,2,288,2,27,51,2,,1,0,1,4,0,1,1,2,0,1,2,3
Monday,2,74,2,2,51,2,,1,0,1,0,0,0,0,0,0,0,1,0
Monday,2,255,2,75,51,2,,1,0,1,2,0,1,2,0,2,3,1,5
Monday,2,26,2,2,2,2,,0,0,0,0,0,0,0,0,0,0,0,0
Monday,1,55,2,2,2,2,,0,0,0,0,0,0,0,0,0,0,0,1
Monday,1,74,2,2,51,2,,1,0,1,0,0,0,0,0,0,0,1,0
Monday,1,199,2,2,2,2,,0,0,0,0,0,0,4,0,0,2,0,4
Sunday,23,75,2,2,2,2,,0,0,0,0,0,0,0,0,0,0,0,1
Sunday,23,284,2,2,2,2,,0,0,0,1,0,0,0,0,0,0,0,0
Sunday,23,69,72,2,2,2,,0,0,0,1,0,0,0,0,0,0,0,2
Sunday,23,91,2,34,51,19,,1,0,0,0,0,0,0,0,0,0,0,0
Sunday,21,179,2,63,102,2,,1,0,0,0,0,1,0,0,0,1,0,2
Sunday,18,106,2,2,2,2,,0,0,0,1,0,0,1,0,1,2,0,2
Sunday,18,192,2,2,2,2,,0,0,0,0,0,0,0,0,0,0,1,0
Sunday,17,65,72,2,51,2,,1,0,0,0,0,0,0,0,0,0,0,0
Sunday,17,26,2,2,2,2,,0,0,0,1,0,0,1,0,1,0,0,1
Sunday,14,61,2,2,2,2,,0,0,0,0,0,0,0,1,0,0,1,1
Sunday,10,52,2,2,2,2,,0,0,0,0,0,0,0,0,0,0,0,0
Sunday,8,85,2,2,2,2,,0,0,0,0,1,0,0,0,0,0,1,0
Sunday,8,177,2,2,204,2,,1,0,1,2,0,0,0,0,0,0,0,0
Sunday,6,84,2,2,2,2,,0,0,0,1,0,0,0,2,0,0,2,1
Sunday,4,87,2,2,2,2,,0,0,1,0,0,1,0,0,0,0,1,0
Sunday,4,152,2,2,2,2,,0,0,1,0,1,1,0,1,0,0,1,0
Sunday,4,241,2,2,2,2,,0,0,0,2,2,0,0,1,0,0,3,1
Sunday,4,110,2,2,2,2,57.0,0,0,0,1,1,0,0,1,0,1,2,2
Sunday,3,122,2,2,2,2,,0,0,0,0,0,0,0,0,0,0,0,0
Sunday,3,64,2,2,2,2,,0,0,0,0,0,0,0,0,0,0,0,0
Sunday,3,75,2,2,2,2,,0,0,0,0,0,1,0,1,0,0,0,0
Sunday,3,289,2,2,204,2,,1,0,1,2,3,1,1,2,1,2,5,1
Sunday,2,79,2,2,51,2,,1,0,1,0,0,0,0,0,0,0,1,0
Sunday,2,14,2,2,2,2,,0,0,0,0,0,0,0,0,0,0,0,0
Sunday,1,91,2,34,51,19,,1,0,0,0,0,0,0,0,0,0,0,0
Sunday,1,156,2,2,2,2,,0,0,0,1,0,0,1,0,0,1,0,1
Sunday,1,26,2,2,2,2,,0,0,1,0,1,0,0,0,0,0,1,0
Sunday,1,177,2,63,102,2,,1,0,0,0,0,1,0,0,1,1,0,2
Saturday,23,24,2,2,2,2,,0,0,0,0,0,0,0,0,0,0,0,0
Saturday,22,191,2,2,2,2,,0,0,0,0,0,0,2,0,0,3,0,2
Saturday,21,106,2,2,2,2,,0,0,0,1,0,0,2,0,0,2,0,2
Saturday,19,62,2,2,2,2,,0,0,0,0,0,0,0,0,0,0,0,0
Saturday,17,45,2,2,2,2,,0,0,0,0,0,0,0,0,0,1,1,1
Saturday,15,143,2,2,2,2,,0,0,0,0,0,0,0,0,0,0,0,0
Saturday,9,96,2,2,51,2,,1,0,0,1,0,0,0,0,0,0,0,2
Saturday,7,79,2,2,51,2,,1,0,1,0,0,0,0,0,0,0,1,0
Saturday,5,181,2,63,102,2,,1,0,0,0,0,1,0,0,0,1,0,3
Saturday,5,183,2,2,2,2,,0,0,0,0,0,0,1,0,0,0,0,1
Saturday,5,74,2,2,51,2,,1,0,1,0,0,0,0,0,0,0,1,0
Saturday,5,74,2,2,51,2,,1,0,1,0,0,0,0,0,0,0,1,0
Saturday,4,64,2,2,51,19,,1,0,0,0,0,0,0,0,0,0,0,0
Saturday,3,232,2,44,51,2,,1,0,0,2,0,0,0,0,0,1,0,0
Saturday,1,61,2,2,2,2,,0,0,1,1,1,1,0,1,0,0,1,0
Saturday,1,249,2,2,2,2,,0,0,1,1,1,2,0,1,0,1,1,2
Friday,23,89,2,2,102,2,,1,0,0,0,0,0,0,0,0,0,0,0
Friday,23,111,2,2,63,2,,1,0,0,0,0,0,0,0,0,0,0,0
Friday,23,305,2,2,51,2,,1,0,0,2,0,0,2,0,1,1,1,4
Friday,23,32,2,2,2,2,,0,0,0,0,0,0,0,1,0,0,0,0
Friday,23,65,2,2,2,2,,0,0,0,0,0,0,0,0,0,0,0,0
Friday,23,45,2,2,2,2,,0,0,0,0,0,0,0,0,0,0,0,0
Friday,23,33,2,2,2,2,,0,0,0,0,0,0,0,0,0,0,0,1
Friday,22,77,2,2,2,2,,0,0,0,2,0,0,1,0,1,2,0,2
Friday,21,244,2,2,2,2,,0,0,0,3,0,1,1,0,1,1,4,2
Friday,21,226,2,76,2,17,,0,0,1,0,1,1,1,1,0,0,1,2
Friday,19,30,2,2,2,2,,0,0,0,0,0,0,0,0,0,0,0,0
Friday,18,73,2,2,2,2,,0,0,1,0,1,1,0,1,0,0,1,0
Friday,17,275,2,28,2,2,,0,0,0,0,1,0,1,0,0,1,0,3
Friday,16,74,2,2,51,2,,1,0,1,0,0,0,0,0,0,0,1,0
Friday,16,74,2,2,51,2,,1,0,1,0,0,0,0,0,0,0,1,0
Friday,16,74,2,2,51,2,,1,0,1,0,0,0,0,0,0,0,1,0
Friday,16,74,2,2,51,2,,1,0,1,0,0,0,0,0,0,0,1,0
Friday,15,299,2,2,51,2,,1,0,0,1,1,0,1,0,0,1,1,1
Friday,15,164,2,2,2,2,,0,0,0,1,0,1,1,0,0,1,0,2
Friday,13,197,2,202,2,2,,0,0,0,0,1,0,0,0,0,0,1,0
Friday,13,197,2,202,2,2,,0,0,0,0,1,0,0,0,0,0,1,0
Friday,12,45,2,2,2,2,,0,0,0,0,0,0,0,0,0,0,0,0
Friday,12,76,2,2,2,2,,0,0,1,1,0,1,0,0,0,0,0,0
Friday,10,14,2,2,2,2,,0,0,0,0,0,0,0,0,0,0,0,0
Friday,9,235,2,2,2,2,,0,0,0,2,0,0,2,0,0,2,2,3
Friday,8,78,2,2,2,2,,0,0,0,0,0,0,0,0,0,0,0,0
Friday,6,266,2,2,51,2,,1,0,0,0,0,0,1,0,0,0,0,2
Friday,4,115,2,2,2,2,,0,0,0,0,0,0,0,0,0,0,1,0
Friday,4,66,2,2,2,2,,0,0,0,0,0,0,0,1,0,0,0,0
Friday,4,117,2,2,2,2,,0,0,0,1,0,0,2,0,1,2,0,2
Friday,4,48,2,2,2,2,,0,0,0,0,0,1,0,1,0,0,1,0
Friday,3,31,2,2,2,2,,0,0,0,0,0,0,0,0,0,0,0,0
Friday,3,84,2,2,2,2,,0,0,0,1,0,0,0,0,0,0,0,0
Friday,3,71,2,2,63,2,,1,0,0,0,0,0,0,0,0,0,0,0
Friday,2,191,2,27,2,2,,0,0,0,0,0,0,0,0,0,1,0,0
Friday,1,72,2,2,2,2,,0,0,0,0,0,1,1,0,0,1,0,1
Friday,1,173,2,63,102,2,,1,0,0,0,0,1,0,0,0,1,0,2
Friday,0,69,77,2,51,2,,1,0,0,0,0,0,0,0,0,0,0,0
Friday,0,103,2,2,2,2,,0,0,1,0,1,1,0,1,0,0,1,2
Thursday,19,170,2,2,2,2,,0,0,0,0,0,0,2,0,0,1,0,2
Thursday,16,102,2,2,2,2,,0,0,0,0,0,0,0,0,0,1,0,1
Thursday,15,33,2,2,2,2,56.0,0,0,0,0,0,0,0,0,1,0,0,0
Thursday,14,57,2,2,2,2,,0,0,0,0,0,0,0,1,0,0,0,1
Tuesday,0,102,2,2,2,2,,0,0,0,0,0,0,2,0,0,0,0,2
Tuesday,0,106,2,2,2,2,,0,0,0,0,0,0,1,0,0,1,0,3
Tuesday,0,174,86,2,51,12,,1,0,2,2,0,0,3,0,1,2,1,4
Tuesday,0,142,258,2,2,2,,0,0,0,0,0,0,1,0,1,0,0,1
Tuesday,0,266,74,2,153,2,,1,0,0,1,0,0,3,0,0,2,0,5
Tuesday,0,140,65,32,2,2,,0,0,0,2,0,0,3,0,1,2,0,3
Tuesday,0,255,2,2,2,2,,0,0,1,0,1,0,1,0,0,0,2,3
Tuesday,0,150,2,2,51,34,,1,0,0,1,0,0,0,0,0,0,0,1
Tuesday,0,302,2,33,102,26,,1,0,0,1,0,0,3,0,1,1,0,3
Tuesday,0,301,2,83,51,2,,1,0,1,1,0,2,3,0,2,2,3,4
Monday,23,274,169,2,102,71,,1,0,0,2,1,0,2,1,2,1,1,2
Monday,23,248,262,2,2,2,,0,0,0,2,0,0,2,0,2,1,1,2
Monday,23,212,2,2,2,2,,0,0,0,1,0,0,2,0,1,0,0,3
Monday,23,285,2,2,51,2,,1,0,1,3,0,1,2,2,2,0,1,3
Monday,23,262,2,2,51,2,,1,0,0,1,0,0,2,0,1,0,0,2
Monday,23,264,2,2,2,11,,0,0,0,1,0,0,3,0,1,2,0,5
Monday,23,305,87,39,51,34,,1,0,0,1,0,0,3,0,0,0,0,3
Monday,23,158,2,2,51,2,,1,0,0,1,0,0,2,0,1,1,0,3
Monday,23,32,2,2,2,2,,0,0,0,0,0,0,0,0,0,0,0,0
Monday,23,296,2,26,51,2,,1,0,0,1,0,0,3,0,1,1,1,4
Monday,23,44,2,63,2,2,,0,0,0,0,0,0,0,0,0,0,0,0
Monday,23,279,2,2,2,2,,0,0,1,1,1,0,2,0,1,2,3,6
Monday,23,299,2,2,51,2,,1,0,0,0,0,0,0,0,1,0,1,0
Monday,23,179,2,2,2,2,,0,0,0,0,0,0,0,0,0,0,1,1
Monday,23,195,2,2,51,2,,1,0,0,1,0,0,2,0,1,0,0,3
Monday,22,66,2,2,51,2,,1,0,0,1,0,0,3,0,0,2,0,3
Monday,22,262,2,2,2,2,59.0,0,0,0,1,0,0,1,0,0,0,0,1
Monday,22,152,2,2,2,2,,0,0,0,0,0,0,0,0,1,1,0,1
Monday,22,298,166,2,51,45,,1,0,0,1,0,0,3,0,1,0,0,3
Monday,22,294,2,29,51,2,,1,0,0,3,0,0,2,0,1,0,1,3
Monday,22,78,2,2,2,2,,0,0,0,0,0,0,1,0,0,1,0,1
Monday,22,154,2,109,2,74,,0,0,1,0,0,0,3,1,0,0,1,4
Monday,22,131,66,34,2,41,,0,0,0,0,0,0,1,0,0,2,0,1
Monday,21,305,333,2,51,117,,1,0,0,1,0,0,1,0,0,0,0,2
Monday,21,284,159,2,51,2,,1,0,0,2,0,2,5,1,1,4,1,7
Monday,21,84,86,35,2,2,,0,0,0,0,0,0,0,0,0,1,2,1
Monday,21,184,2,106,51,44,,1,0,0,0,0,0,1,0,0,0,0,3
Monday,21,152,79,35,2,79,,0,0,0,1,0,1,2,1,0,1,2,2
Monday,21,153,74,35,2,79,,0,0,0,1,0,1,2,1,0,1,2,2
Monday,21,80,78,35,2,2,,0,0,0,0,0,0,0,0,0,0,2,0
Monday,21,135,87,35,2,79,,0,0,0,0,0,1,1,1,0,0,2,1
Monday,21,171,2,2,2,2,,0,0,0,1,0,0,4,1,0,0,0,4
Monday,21,304,2,2,51,10,,1,0,1,3,0,0,4,0,1,2,1,4
Monday,21,245,68,2,51,127,,1,0,0,1,0,0,2,0,1,1,0,3
Monday,21,84,80,2,2,13,,0,0,0,0,0,0,1,0,0,0,0,1
Monday,21,303,2,30,51,8,,1,0,1,2,0,0,2,1,0,1,1,4
Monday,21,24,2,2,2,2,,0,0,0,1,0,0,1,0,1,0,0,1
Monday,21,189,2,63,2,2,,0,0,0,0,0,0,1,0,0,0,0,1
Monday,21,294,2,2,51,144,,1,0,0,0,0,0,0,0,0,0,0,1
Monday,21,308,2,2,51,42,,1,0,2,0,0,0,0,2,0,0,3,0
Monday,20,302,2,2,51,34,,1,0,1,0,0,0,1,0,0,0,1,1
Monday,20,71,2,2,2,2,,0,0,0,0,0,0,2,0,0,0,0,3
Monday,20,200,92,2,51,2,61.0,1,0,0,0,0,0,0,0,0,0,0,0
Monday,20,232,175,2,51,18,59.0,1,0,0,2,0,0,4,0,0,2,0,6
Monday,20,255,2,2,2,2,,0,0,0,0,0,0,2,1,0,1,0,3
Monday,20,110,2,2,51,26,,1,0,0,0,0,0,1,0,0,0,1,1
Monday,20,274,78,2,51,64,,1,0,0,1,0,2,2,0,0,2,1,4
Monday,20,198,80,32,51,49,,1,0,0,2,1,0,3,0,1,2,1,3
Monday,20,55,77,2,2,2,,0,0,0,0,0,0,0,0,0,0,0,0
Monday,20,151,2,2,2,2,,0,0,0,0,0,0,2,0,0,1,0,4
Monday,20,107,2,2,51,16,,1,0,0,1,0,0,3,0,0,2,0,3
Monday,20,284,79,2,51,11,,1,0,0,0,0,0,1,0,0,0,1,1
Monday,20,201,193,52,2,2,,0,0,0,0,0,0,0,0,0,0,0,0
Monday,19,222,2,63,2,2,,0,0,1,1,0,0,0,0,0,3,1,1
Monday,19,151,2,2,51,2,,1,0,0,0,0,0,1,0,0,1,0,2
Monday,19,71,78,35,2,2,,0,0,0,0,0,0,0,0,0,0,2,0
Monday,19,126,2,2,2,2,,0,0,2,0,1,2,0,1,1,0,2,0
Monday,19,196,2,2,2,2,,0,0,1,1,1,1,1,1,0,0,2,1
Monday,19,206,2,63,2,47,,0,0,0,0,0,0,2,1,0,0,0,2
Monday,19,45,2,2,2,2,,0,0,0,0,0,0,1,0,0,0,0,1
Monday,19,178,81,2,51,2,,1,0,0,1,0,0,1,1,1,1,0,1
Monday,19,298,2,2,51,61,,1,0,1,0,0,0,3,1,2,1,1,4
Monday,19,302,88,25,51,8,,1,0,1,1,0,0,3,1,1,1,2,4
Monday,18,279,2,2,63,2,,1,0,0,1,0,0,3,0,1,2,0,5
Monday,18,129,2,92,51,37,,1,0,0,0,0,0,1,0,0,0,0,1
Monday,18,50,2,2,2,2,,0,0,0,0,0,0,1,0,0,0,0,1
Monday,18,49,2,2,2,2,,0,0,0,0,0,0,0,0,0,0,0,0
Monday,18,160,2,2,51,86,,1,0,0,0,0,0,1,0,0,0,0,1
Monday,18,110,2,2,2,2,,0,0,0,0,0,0,2,0,0,0,2,3
Monday,18,180,2,171,2,2,,0,0,0,1,0,0,2,0,1,0,0,2
Monday,18,147,84,35,2,79,,0,0,0,0,0,1,1,1,0,0,2,1
Monday,18,305,82,2,51,61,,1,0,0,0,0,0,3,0,0,0,0,3
Monday,18,311,88,26,51,2,,1,0,0,2,0,0,3,0,1,1,2,4
Monday,18,255,2,2,51,2,,1,0,0,0,1,0,1,0,0,0,1,1
Monday,18,294,2,2,51,172,,1,0,0,1,0,0,2,1,1,0,0,2
Monday,18,301,165,2,102,50,,1,0,0,3,0,0,4,0,0,2,1,5
Monday,18,255,2,2,51,2,,1,0,1,2,1,0,1,2,1,2,2,5
Monday,18,302,2,2,51,2,,1,0,0,4,0,0,7,0,2,3,2,7
Monday,18,306,2,2,2,26,,1,0,0,2,0,0,4,0,1,0,2,4
Monday,17,255,2,2,2,2,,0,0,0,1,1,0,2,0,1,1,1,3
Monday,17,208,2,2,2,2,,0,0,0,1,1,0,4,0,0,1,1,3
Monday,17,203,2,2,51,2,,1,0,0,1,0,0,2,0,1,1,0,3
Monday,17,106,65,32,2,2,,0,0,0,1,0,0,2,0,0,2,1,3
Monday,17,92,2,26,2,2,,0,0,0,0,0,0,1,0,0,0,0,3
Monday,17,221,94,2,102,29,,1,0,0,0,0,0,2,0,0,0,0,2
Monday,17,248,2,2,51,26,,1,0,0,2,0,0,3,0,0,1,0,4
Monday,17,30,2,2,2,2,,0,0,0,0,0,0,0,0,0,0,0,0
Monday,17,204,81,63,2,2,,0,0,0,1,0,0,2,0,1,1,0,3
Monday,17,217,82,2,2,2,,0,0,0,0,0,0,1,0,0,1,2,1
Monday,17,169,2,2,51,2,,1,0,0,0,0,0,1,0,0,0,0,2
Monday,17,174,2,67,2,38,,0,0,0,1,0,0,2,0,1,0,0,2
Monday,17,298,95,2,51,2,,1,0,0,0,0,0,3,1,0,0,2,5
Monday,17,145,2,2,51,2,,1,0,0,2,0,0,2,0,1,0,0,2
Monday,17,284,81,31,51,32,,1,0,0,0,0,0,1,0,0,0,0,4
Monday,17,133,84,27,2,44,,0,0,0,0,0,0,0,0,0,1,0,2
Monday,17,302,2,2,2,2,,1,0,0,1,0,0,4,0,1,1,0,4
Monday,16,54,2,2,2,2,,0,0,0,0,0,0,1,0,0,0,0,2
Monday,16,226,78,2,2,2,,1,0,1,0,0,1,0,0,0,0,2,2
Monday,16,242,2,2,2,2,,0,0,0,0,1,0,0,0,0,0,2,0
Monday,16,15,2,2,2,2,61.0,0,0,0,0,0,0,1,0,0,0,0,1
Monday,16,73,2,2,2,2,55.0,0,0,0,1,0,0,1,0,1,1,0,1
Monday,16,254,2,26,51,2,,1,0,0,1,1,2,0,1,1,0,2,1
Monday,16,147,2,2,2,2,,0,0,0,0,0,0,2,0,0,1,0,2
Monday,16,46,2,2,2,2,,0,0,0,0,0,0,0,0,0,0,0,0
Monday,16,167,2,2,2,2,,0,0,0,1,0,0,2,0,0,1,0,4
Monday,16,210,2,2,2,2,,0,0,0,0,0,0,2,0,0,1,1,3
Monday,16,282,83,2,51,2,,1,0,1,0,0,1,1,1,0,0,2,2
Monday,15,306,324,2,51,2,,1,0,0,1,0,0,2,1,0,0,1,3
Monday,15,234,160,2,51,2,,1,0,0,1,0,0,2,0,0,2,0,3
Monday,15,94,2,35,2,2,,0,0,0,0,0,0,0,0,0,0,1,0
Monday,15,150,2,2,2,2,,0,0,2,1,1,2,0,1,1,0,2,1
Monday,15,280,2,26,2,2,,0,0,0,1,0,0,3,0,1,2,0,5
Monday,15,197,2,62,102,2,,1,0,0,0,0,0,1,0,0,0,0,2
Monday,15,280,2,26,2,12,,0,0,0,1,0,0,3,0,1,2,0,5
Monday,15,300,176,2,51,60,,1,0,0,2,0,0,3,0,0,0,0,5
Monday,14,302,2,46,51,2,,1,0,0,3,0,0,1,0,0,0,2,3
Monday,14,160,2,2,2,19,,0,0,0,1,0,0,2,0,1,1,0,2
Monday,14,196,2,2,2,2,,0,0,0,1,0,0,2,0,0,1,1,3
Monday,14,106,59,120,2,28,,0,0,0,0,0,1,1,0,0,0,1,1
Monday,14,300,2,2,63,26,,1,0,0,1,0,0,3,0,1,2,0,5
Monday,14,92,2,2,2,2,,0,0,0,3,1,2,3,1,2,2,1,3
Monday,14,106,2,2,51,16,,1,0,0,0,0,0,1,0,0,0,0,1
Monday,14,182,2,2,2,2,,0,0,1,0,0,1,0,1,0,0,1,0
Monday,14,282,2,2,63,2,,1,0,0,5,0,0,5,0,2,4,1,6
Monday,14,126,2,2,51,2,,1,0,0,1,0,0,2,0,1,0,0,2
Monday,14,304,100,32,51,38,,1,0,0,1,0,0,2,0,0,1,0,3
Monday,13,96,2,2,2,2,,0,0,0,1,0,0,2,0,1,0,0,2
Monday,13,236,2,2,51,7,,1,0,0,2,0,0,2,0,1,1,0,4
Monday,13,136,2,2,102,13,,1,0,0,1,0,0,2,0,1,0,0,2
Monday,13,202,2,2,51,2,,1,0,0,1,0,0,2,2,1,1,1,2
Monday,13,27,2,2,2,2,,0,0,0,0,0,0,0,0,0,0,0,1
Monday,13,98,2,2,2,2,,0,0,0,1,0,0,3,0,1,0,0,3
Monday,13,307,2,2,51,13,,1,0,0,1,0,0,3,0,1,1,0,4
Monday,13,242,80,2,51,2,,1,0,0,1,0,0,0,1,0,0,1,2
Monday,13,180,2,2,2,2,,0,0,0,1,0,0,2,0,1,0,0,2
Monday,13,230,83,35,2,23,,0,0,1,0,1,1,1,2,0,0,4,2
Monday,13,140,2,2,51,2,,1,0,0,1,0,0,2,0,1,0,0,2
Monday,13,298,2,2,51,45,,1,0,0,1,0,0,2,0,1,1,0,4
Monday,12,101,2,2,51,52,,1,0,0,0,0,0,1,0,0,0,0,1
Monday,12,287,2,2,51,2,,1,0,0,0,0,0,1,0,0,1,0,3
Monday,12,303,2,2,51,13,,1,0,0,0,0,0,0,0,0,1,1,0
Monday,12,227,2,2,2,2,,0,0,0,1,0,0,3,0,1,1,0,3
Monday,12,300,2,2,51,20,,1,0,0,1,0,0,4,0,1,1,0,5
Monday,12,305,2,2,102,56,,1,0,0,3,0,0,6,0,2,1,0,9
Monday,12,176,2,34,51,21,,1,0,0,1,0,0,3,0,1,1,0,3
Monday,12,233,2,35,2,2,,0,0,0,1,0,0,1,0,0,0,0,1
Monday,12,134,2,2,51,2,,1,0,0,1,0,0,2,0,1,0,0,2
Monday,11,137,2,26,2,43,,0,0,0,1,0,0,1,1,0,0,1,1
Monday,11,269,2,2,51,2,,1,0,1,0,0,0,2,1,0,0,3,3
Monday,11,71,2,2,2,2,,0,0,1,0,1,1,0,1,0,0,1,0
Monday,11,131,2,2,2,2,,0,0,0,1,0,0,2,0,1,0,0,2
Monday,11,304,82,2,204,2,,1,0,0,2,0,0,2,0,0,1,0,7
Monday,11,92,2,2,2,2,,0,0,0,0,0,0,1,0,0,0,0,1
Monday,11,280,2,2,2,2,,0,0,0,1,0,0,3,0,1,4,0,6
Monday,10,277,2,34,51,2,,1,0,0,1,0,0,2,0,0,1,0,3
Monday,10,210,79,75,51,153,,1,0,0,1,0,0,2,0,0,2,0,4
Monday,10,52,2,2,2,2,,0,0,1,0,1,1,1,1,0,0,2,1
Monday,10,295,2,2,51,26,,1,0,0,1,0,0,5,0,1,1,0,5
Monday,10,183,2,2,51,57,,1,0,0,1,0,0,3,0,1,1,1,3
Monday,10,255,2,23,2,2,,0,0,0,0,1,1,4,0,0,3,1,4
Monday,9,77,2,2,2,2,,0,0,0,1,0,0,2,0,1,0,0,2
Monday,9,109,2,2,2,11,,0,0,0,1,0,0,2,0,1,0,0,2
Monday,9,176,2,2,2,2,,0,0,0,0,1,0,1,1,0,0,2,1
Monday,9,70,74,2,2,2,,0,0,0,0,0,0,0,2,0,0,1,0
Monday,9,113,2,2,2,2,,0,0,0,0,0,0,1,0,0,0,1,1
Monday,9,37,2,2,2,2,,0,0,0,0,0,0,0,0,0,0,0,1
Monday,8,65,2,2,2,2,,0,0,0,0,0,0,0,0,0,0,0,0
Monday,8,303,2,2,51,2,,1,0,1,1,2,1,2,0,2,2,3,3
Monday,8,255,2,2,2,2,,0,0,0,1,0,0,2,0,0,1,0,3
Monday,8,308,2,26,51,2,,1,0,2,1,0,0,1,1,0,0,2,1
Monday,8,279,2,2,2,2,,0,0,0,1,0,0,3,0,1,5,1,5
Monday,8,278,79,32,51,128,,1,0,0,1,0,0,2,0,1,0,1,3
Monday,8,281,2,2,204,15,,1,0,0,1,0,0,3,0,1,2,0,5
Monday,6,109,2,2,2,2,,0,0,0,1,0,0,1,0,0,2,0,3
Monday,6,150,2,2,2,2,,0,0,1,0,1,2,2,1,2,0,3,2
Monday,6,300,2,26,51,2,,1,0,0,1,0,0,2,0,1,1,0,2
Monday,5,30,2,2,2,2,,0,0,0,0,0,0,0,0,0,0,0,0
Monday,5,142,2,2,51,8,,1,0,0,1,0,0,2,0,1,0,0,2
Monday,4,131,72,25,2,30,,0,0,0,0,0,0,1,0,0,0,0,1
Monday,4,61,2,2,2,2,,0,0,0,0,0,0,0,0,0,0,0,0
Monday,4,203,2,2,2,2,,0,0,0,0,0,0,2,0,1,0,0,2
Monday,4,181,2,2,51,66,,1,0,0,1,0,0,2,0,1,0,0,2
Monday,4,98,88,35,2,2,,0,0,0,0,0,0,0,0,0,0,1,0
Monday,4,165,85,35,2,2,,0,0,1,0,1,1,1,2,0,0,3,2
Monday,4,207,86,35,2,2,,0,0,0,0,0,0,2,0,1,0,1,2
Monday,3,20,2,2,2,2,,0,0,0,0,0,0,1,0,0,0,0,1
Monday,3,191,180,2,2,33,,0,0,0,0,1,0,0,0,0,0,1,0
Monday,3,249,2,2,2,2,,0,0,0,1,0,0,2,0,2,1,1,3
Monday,3,142,2,2,2,2,,0,0,0,2,0,0,4,0,1,1,0,4
Monday,3,201,2,35,2,2,,0,0,0,0,0,0,2,0,0,0,2,2
Monday,3,30,2,2,2,2,,0,0,0,0,0,0,0,0,0,0,0,0
Monday,3,104,2,2,2,2,,0,0,0,0,0,0,1,0,0,0,0,1
Monday,3,186,2,2,2,2,,0,0,0,0,0,1,1,0,0,0,2,2
Monday,2,72,2,2,2,2,,0,0,1,0,0,0,1,0,0,0,2,1
Monday,2,141,2,2,2,2,,0,0,0,0,0,0,1,0,0,0,0,2
Monday,2,102,2,2,2,2,,0,0,0,0,0,0,1,0,0,0,0,1
Monday,2,89,86,35,2,2,,0,0,0,0,0,0,1,0,0,0,1,1
Monday,2,115,62,1344,2,2,,0,0,0,1,0,0,1,0,0,2,1,1
Monday,2,125,62,447,2,2,,0,0,0,1,0,0,1,0,0,2,1,1
Monday,2,257,2,35,2,2,,0,0,1,0,1,0,2,2,0,0,2,2
Monday,2,149,2,35,2,2,,0,0,0,0,0,0,1,0,0,1,1,2
Monday,2,100,2,2,2,2,,0,0,0,0,0,0,1,0,0,1,1,2
Monday,2,239,2,2,2,2,,0,0,0,2,1,1,5,0,0,2,1,5
Monday,2,86,86,35,2,2,,0,0,0,0,0,0,1,0,0,0,1,1
Monday,2,54,2,2,2,2,,0,0,0,0,0,1,1,1,0,0,1,1
Monday,1,131,86,35,2,2,,0,0,0,0,0,0,1,0,0,0,1,1
Monday,1,100,2,35,2,2,,0,0,0,0,0,0,0,0,0,0,1,0
Monday,1,79,77,35,2,2,,0,0,0,0,0,0,0,0,0,0,1,0
Monday,1,155,2,2,2,2,,0,0,1,0,0,0,1,0,0,0,1,1
Tuesday,0,227,2,2,2,2,,1,0,0,1,0,0,1,2,2,1,2,2
Tuesday,0,52,2,2,2,2,,0,0,0,0,0,0,0,0,0,0,0,0
Tuesday,0,115,2,2,2,11,60.0,0,0,1,1,1,1,0,1,0,0,1,1
Tuesday,0,66,2,2,51,2,,1,0,0,0,0,0,0,0,0,0,0,0
Tuesday,0,281,2,118,2,31,,0,0,1,2,1,1,0,1,0,0,1,4
Tuesday,0,45,2,2,2,2,,0,0,0,0,0,0,0,0,0,0,0,0
Tuesday,0,120,2,2,2,2,,0,0,0,1,0,0,1,0,0,1,0,2
Tuesday,0,175,2,43,63,2,,1,0,0,0,0,0,0,0,0,0,1,1
Tuesday,0,196,2,23,2,2,,0,0,0,0,0,0,0,0,0,0,0,2
Monday,23,290,76,118,102,21,,1,0,2,1,1,2,0,1,0,0,2,4
Monday,23,240,2,2,2,2,,0,0,0,1,0,0,1,0,1,2,1,3
Monday,23,128,79,154,2,2,,0,0,1,0,0,1,0,0,0,0,3,0
Monday,23,5,2,2,2,2,61.0,0,0,0,1,0,0,1,0,1,1,0,1
Monday,23,255,2,2,2,2,,0,0,1,0,0,1,0,0,0,0,1,0
Monday,23,29,2,2,2,2,60.0,0,0,0,0,0,0,0,0,0,0,0,0
Monday,22,19,2,2,2,2,,0,0,0,0,0,0,0,0,0,0,0,0
Monday,22,255,2,2,51,2,,1,0,1,0,1,0,1,0,0,2,1,2
Monday,22,251,2,2,2,2,,0,0,0,0,1,0,0,0,0,2,2,1
Monday,22,51,2,2,2,2,,0,0,0,1,0,0,1,0,0,1,0,1
Monday,22,49,2,2,2,2,,0,0,1,0,0,0,0,0,0,0,1,0
Monday,22,106,2,2,2,2,,0,0,0,0,0,0,0,0,0,0,0,0
Monday,22,78,2,2,2,2,,0,0,0,0,0,0,0,0,0,0,0,0
Monday,22,265,2,55,51,29,,1,0,0,1,0,0,0,0,0,2,0,1
Monday,22,76,2,2,2,2,,0,0,0,0,0,0,0,0,0,0,0,0
Monday,22,123,2,2,2,2,,0,0,0,0,0,0,0,0,0,0,0,0
Monday,22,43,2,2,2,2,,0,0,0,0,0,0,0,0,0,0,0,0
Monday,22,88,2,2,2,2,,0,0,0,0,0,0,1,0,0,0,0,1
Monday,22,20,2,2,2,2,56.0,0,0,0,0,0,0,0,0,0,0,0,0
Monday,22,189,157,51,2,10,,0,0,1,0,0,0,0,0,0,0,0,0
Monday,22,290,93,2,2,2,,1,0,0,1,0,1,0,0,0,0,1,0
Monday,22,118,2,51,2,2,,0,0,1,0,1,1,0,1,0,0,1,0
Monday,22,74,2,2,51,2,,1,0,0,0,0,0,0,0,0,0,0,0
Monday,21,157,81,2,2,2,,0,0,0,0,0,0,0,0,0,1,0,1
Monday,21,72,2,2,2,2,,0,0,1,0,1,1,0,1,0,0,1,2
Monday,21,48,2,2,63,2,,1,0,0,0,0,0,0,0,0,0,0,0
Monday,21,128,2,2,2,2,,0,0,1,0,3,1,1,1,0,0,2,3
Monday,20,130,166,2,2,2,56.0,0,0,0,1,0,0,2,0,1,0,0,5
Monday,20,69,2,2,2,2,,0,0,0,0,0,0,0,0,0,0,0,0
Monday,20,36,2,2,2,2,,0,0,0,0,0,0,0,0,0,0,0,0
Monday,20,254,2,2,2,2,,0,0,1,1,0,1,2,1,0,1,1,4
Monday,20,105,2,2,2,2,,0,0,1,1,1,0,0,0,0,0,1,0
Monday,20,59,2,2,2,2,,0,0,0,0,0,0,0,0,0,0,1,0
Monday,20,19,2,2,2,2,,0,0,0,1,0,1,1,0,0,1,0,1
Monday,20,181,2,2,2,2,,0,0,1,0,0,1,0,0,0,1,1,0
Monday,20,253,2,2,51,2,,1,0,1,1,1,1,4,2,0,4,0,4
Monday,20,108,2,2,2,2,,0,0,0,0,0,0,0,0,0,0,1,0
Monday,20,226,2,2,51,55,,1,0,0,1,0,0,0,0,0,0,0,3
Monday,19,134,87,25,2,43,,0,0,1,0,1,1,0,1,0,0,1,0
Monday,19,18,2,2,2,2,,0,0,0,0,0,0,0,0,0,0,1,0
Monday,19,255,2,56,2,2,,0,0,0,1,0,1,2,1,2,1,2,4
Monday,19,29,2,2,2,2,,0,0,0,0,0,0,0,0,0,0,0,0
Monday,19,47,2,2,2,2,,0,0,0,0,0,0,0,0,0,0,1,0
Monday,19,56,2,2,2,2,,0,0,0,1,0,0,0,0,0,0,0,1
Monday,19,263,2,55,51,29,,1,0,1,1,0,1,0,0,0,1,1,0
Monday,19,302,2,55,51,29,,1,0,1,1,0,1,0,0,0,2,1,0
Monday,19,103,2,2,2,2,,0,0,0,0,0,0,0,0,0,0,0,0
Monday,19,92,65,32,2,2,,0,0,1,0,1,1,0,1,0,0,1,0
Monday,19,92,65,32,2,2,,0,0,1,0,1,1,0,1,0,0,1,0
Monday,18,47,2,2,2,17,51.0,0,0,0,0,0,0,0,0,0,0,0,0
Monday,18,43,2,2,2,26,60.0,0,0,0,0,0,0,0,1,1,0,1,0
Monday,18,255,2,2,2,2,,0,0,1,2,2,0,0,1,0,1,3,2
Monday,18,72,2,2,2,2,,0,0,0,2,0,0,1,0,1,1,0,1
Monday,18,98,2,32,2,2,,0,0,1,1,1,2,0,1,0,0,1,0
Monday,18,249,2,2,2,2,,0,0,0,2,0,0,0,0,0,1,0,1
Monday,18,92,65,32,2,2,,0,0,1,0,1,1,0,1,0,0,1,0
Monday,18,264,2,55,51,29,,1,0,1,1,0,1,0,1,0,1,1,0
Monday,17,255,2,2,2,2,,0,0,0,1,0,1,1,1,1,1,1,2
Monday,17,100,2,2,2,2,,0,0,0,1,0,0,0,0,0,1,0,0
Monday,17,42,2,2,2,2,,0,0,1,0,1,1,0,1,0,0,1,0
Monday,17,130,2,2,51,2,,1,0,0,0,0,0,1,0,0,1,0,1
Monday,17,300,61,63,51,2,,1,0,1,1,1,4,0,2,0,0,3,1
Monday,17,255,2,59,51,25,,1,0,0,1,0,0,0,0,0,0,0,1
Monday,16,48,2,2,2,14,,0,0,0,0,0,0,0,0,0,0,0,1
Monday,16,130,2,2,51,2,,1,0,0,1,0,0,0,0,0,0,0,1
Monday,16,15,2,2,2,2,55.0,0,0,0,0,0,0,0,0,0,0,0,0
Monday,16,164,2,98,2,14,,0,0,0,0,1,0,0,0,0,0,1,1
Monday,16,30,2,2,2,2,,0,0,0,1,0,0,2,0,1,2,0,2
Monday,16,19,2,2,2,2,60.0,0,0,0,0,0,0,0,0,0,0,0,0
Monday,15,21,2,2,2,2,,0,0,0,0,0,0,0,0,0,0,0,0
Monday,15,72,2,2,2,2,53.0,0,0,0,0,0,0,0,0,0,0,0,0
Monday,15,24,2,2,2,2,,0,0,0,0,0,0,0,0,0,0,0,0
Monday,15,194,2,2,2,2,,0,0,0,1,0,0,0,0,0,1,1,1
Tuesday,0,115,2,2,2,2,,0,0,1,1,1,0,0,1,0,0,3,0
Tuesday,0,164,2,2,2,2,,0,0,0,0,0,0,0,0,0,0,0,1
Tuesday,0,16,2,2,2,2,,0,0,0,0,0,0,0,0,0,0,0,0
Tuesday,0,48,2,2,2,2,58.0,0,0,0,0,0,0,0,0,0,0,0,0
Tuesday,0,278,2,2,2,2,,0,0,0,4,0,0,0,0,1,0,0,4
Tuesday,0,290,2,147,51,161,,1,0,1,0,0,1,0,0,0,0,1,1
Tuesday,0,38,2,2,2,2,61.0,0,0,0,0,0,0,0,0,0,0,0,0
Tuesday,0,274,2,2,2,2,,0,0,0,2,1,0,0,0,1,2,0,3
Tuesday,0,300,80,2,51,2,,1,0,1,0,0,0,1,1,0,3,1,4
Tuesday,0,41,2,2,2,2,,0,0,0,0,0,0,1,0,0,1,0,1
Tuesday,0,18,2,2,2,2,,0,0,0,0,0,0,1,0,0,1,0,1
Tuesday,0,35,2,2,2,2,,0,0,0,0,0,0,1,0,0,1,0,1
Tuesday,0,35,2,2,2,2,,0,0,0,0,0,0,1,0,0,1,0,1
Tuesday,0,22,2,2,2,2,,0,0,0,0,0,0,1,0,0,1,0,1
Tuesday,0,37,2,2,2,2,,0,0,0,0,0,0,1,0,0,1,0,1
Tuesday,0,21,2,2,2,2,,0,0,0,0,0,0,1,0,0,1,0,1
Tuesday,0,24,2,2,2,2,,0,0,0,0,0,0,1,0,0,1,0,1
Tuesday,0,24,2,2,2,2,,0,0,0,0,0,0,1,0,0,1,0,1
Tuesday,0,43,2,2,2,2,,0,0,0,0,0,0,1,0,0,1,0,1
Tuesday,0,42,2,2,2,2,,0,0,0,0,0,0,1,0,0,1,0,1
Tuesday,0,174,75,49,51,60,,1,0,0,0,0,0,0,0,0,0,0,0
Tuesday,0,37,2,2,2,2,,0,0,0,0,0,0,0,0,0,0,0,0
Tuesday,0,49,2,2,2,2,,0,0,0,1,0,0,0,0,0,0,0,0
Tuesday,0,35,2,2,2,2,,0,0,0,0,0,0,1,0,0,0,0,1
Tuesday,0,45,2,2,2,2,,0,0,0,0,0,0,0,0,0,0,0,0
Tuesday,0,110,2,2,2,2,,0,0,0,1,0,0,1,1,1,1,1,1
Tuesday,0,43,2,2,2,2,,0,0,0,0,0,0,1,0,0,1,0,1
Monday,23,103,2,2,2,2,,0,0,0,0,0,0,0,0,0,0,0,0
Monday,23,195,2,2,2,2,,0,0,0,2,1,1,1,1,0,3,1,3
Monday,23,9,2,2,2,2,59.0,0,0,0,0,0,0,0,0,0,0,0,0
Monday,23,64,2,2,2,2,,0,0,0,0,0,1,0,0,0,0,0,0
Monday,23,118,2,2,2,2,,0,0,0,0,0,0,0,0,0,0,0,0
Monday,23,38,2,2,2,2,,0,0,0,0,0,0,1,0,0,1,0,1
Monday,23,297,2,146,51,192,,1,0,0,2,0,1,1,0,0,2,0,3
Monday,23,56,2,2,2,2,,0,0,0,1,0,1,1,1,0,0,2,2
Monday,23,4,2,2,2,2,,0,0,0,0,0,0,0,0,0,0,0,0
Tuesday,0,255,2,2,2,2,,0,0,0,1,0,0,1,0,1,3,0,4
Tuesday,0,255,2,2,2,2,,0,0,1,1,0,2,1,1,0,3,3,2
Monday,23,218,2,2,2,2,,0,0,1,0,1,0,0,0,0,1,1,3
Monday,23,255,2,2,2,2,,0,0,0,3,0,0,2,0,1,2,1,3
Monday,23,117,2,2,2,2,,0,0,0,0,0,0,0,0,0,0,0,0
Monday,23,114,2,2,51,2,,1,0,0,0,0,0,0,1,0,0,1,0
Monday,23,181,2,2,2,2,,0,0,0,1,0,1,1,0,0,1,1,2
Monday,23,148,2,2,2,2,62.0,0,0,2,0,2,1,0,1,0,0,2,1
Monday,23,77,2,2,2,2,,0,0,0,0,0,0,0,0,0,0,1,0
Monday,23,193,2,2,2,2,,0,0,0,0,0,0,0,1,1,0,1,0
Monday,22,152,2,2,2,2,,0,0,0,0,0,0,0,0,0,1,1,1
Monday,22,50,77,2,2,2,,0,0,0,1,0,0,0,0,1,0,1,1
Monday,22,160,2,2,51,52,,1,0,0,0,0,0,1,0,0,1,0,1
Monday,22,97,2,2,2,2,,0,0,1,1,1,0,0,0,0,0,2,0
Monday,22,96,2,2,2,2,,1,0,0,0,0,0,0,0,0,0,0,0
Monday,22,312,2,2,51,2,,1,0,2,1,0,0,1,0,1,1,2,1
Monday,21,25,2,2,2,2,62.0,0,0,0,0,0,0,0,0,0,0,0,0
Monday,21,76,2,2,2,2,,0,0,0,0,0,0,1,0,0,0,0,1
Monday,21,255,2,18,2,2,,0,0,1,1,0,1,1,2,1,4,2,3
Monday,21,135,2,2,51,2,61.0,1,0,1,0,1,1,1,1,0,1,1,2
Monday,21,71,2,2,2,2,62.0,0,0,0,0,0,0,0,0,0,0,0,1
Monday,21,50,2,2,2,2,,0,0,0,0,0,0,0,0,0,0,0,0
Monday,21,46,2,2,2,2,,0,0,0,0,0,0,0,0,0,0,0,0
Monday,21,109,2,2,2,2,,0,0,0,0,0,1,0,1,1,2,1,2
Monday,21,112,2,2,2,2,,0,0,1,0,0,0,0,0,0,1,1,1
Monday,21,166,2,25,51,2,,1,0,0,1,0,0,0,0,0,0,0,0
Monday,21,124,2,2,2,2,,0,0,0,1,1,0,1,0,0,0,0,1
Monday,21,47,2,2,2,13,,0,0,0,0,0,0,0,0,0,0,0,0
Monday,20,82,2,60,2,2,,0,0,1,0,1,0,0,0,0,0,1,0
Monday,20,63,2,2,2,2,,0,0,0,0,0,0,0,0,0,0,0,0
Monday,20,113,2,2,2,2,,0,0,0,0,0,0,0,0,0,0,0,0
Monday,20,101,2,2,2,2,,0,0,0,0,0,0,0,0,0,0,0,0
Monday,20,52,2,2,2,2,,0,0,0,0,0,0,0,0,0,0,0,0
Monday,20,160,2,2,2,2,,0,0,0,1,0,0,0,0,1,1,0,0
Monday,20,136,2,2,2,2,,0,0,0,0,0,0,0,0,0,0,0,0
Monday,20,150,2,2,2,14,,0,0,1,0,0,0,0,1,0,0,2,0
Monday,20,232,2,2,51,2,,1,0,0,0,1,0,0,0,0,1,2,2
Monday,20,121,2,2,2,2,,0,0,0,1,0,0,1,0,1,1,0,3
Monday,20,93,2,2,2,2,,0,0,0,1,0,0,1,0,1,1,0,2
Monday,20,43,2,2,2,2,,0,0,0,0,0,0,0,0,0,1,0,0
Monday,20,95,2,2,2,2,,0,0,0,0,0,0,0,0,0,0,0,0
Monday,20,99,2,2,2,2,,0,0,0,0,0,0,0,0,0,1,0,1
Sunday,15,63,2,2,2,2,,0,1,0,0,0,0,0,0,0,0,0,0
Saturday,1,196,2,2,102,2,,1,1,0,1,0,0,1,0,0,1,0,2
Thursday,19,209,2,26,2,2,,0,1,2,0,1,1,0,1,1,0,2,0
Wednesday,5,46,2,2,51,2,,1,1,0,0,0,0,0,0,0,0,0,0
Sunday,14,191,2,2,2,2,,0,1,1,2,2,0,3,1,3,2,2,4
Sunday,14,272,151,2,2,2,,0,1,0,0,0,0,0,1,2,0,2,3
Friday,0,46,2,2,51,7,,1,1,0,0,0,0,0,0,0,0,0,0
Thursday,17,140,2,2,51,2,,1,1,0,1,1,1,1,1,0,1,2,1
Sunday,5,118,2,2,51,24,,1,1,0,0,0,0,0,0,0,0,0,1
Sunday,4,55,2,2,51,2,,1,1,0,0,0,0,0,0,0,0,0,0
Saturday,20,175,2,2,102,2,,1,1,1,0,1,3,0,3,0,0,3,0
Sunday,2,79,2,2,2,39,,1,1,0,0,0,0,0,0,0,0,0,0
Monday,5,37,2,2,2,2,,0,1,0,0,0,0,0,0,0,0,0,0
Tuesday,18,230,264,2,51,2,,1,1,1,3,1,0,0,0,1,1,1,2
Sunday,13,114,2,60,2,2,1.0,0,1,0,0,1,0,0,0,0,0,1,0
Thursday,22,128,2,2,2,2,,0,1,0,0,0,0,1,0,0,1,0,1
Friday,19,57,2,2,51,2,,1,1,0,0,0,0,0,0,0,0,0,0
Sunday,23,38,2,2,2,2,,0,1,0,1,0,0,1,1,0,0,0,1
Sunday,16,83,2,2,2,2,,0,1,0,1,0,0,0,0,0,0,0,1
Tuesday,19,120,2,2,2,2,,1,1,0,1,0,0,1,0,0,0,0,1
Tuesday,19,67,68,2,2,14,,1,1,0,0,0,0,0,0,0,0,0,0
Saturday,20,165,2,2,2,2,,0,1,1,2,0,1,5,1,2,2,1,6
Tuesday,2,170,158,2,2,24,,1,1,0,0,0,0,0,0,0,0,0,1
Friday,21,60,2,2,2,2,,0,1,0,1,0,0,1,0,0,1,0,1
Sunday,1,286,2,2,2,37,,1,1,0,1,0,0,0,1,0,0,1,1
Friday,3,135,2,2,2,2,,1,1,0,1,0,2,0,1,0,0,1,2
Sunday,20,46,2,2,2,2,,0,1,0,1,0,0,0,0,0,1,0,1
Sunday,10,36,2,2,2,2,,0,1,0,0,0,0,0,0,0,0,0,0
Saturday,18,188,2,2,2,2,,0,1,3,0,1,4,0,2,0,1,3,1
Thursday,20,274,2,76,2,2,,0,1,1,1,1,1,0,1,0,1,3,1
Sunday,22,78,2,2,2,2,,0,1,1,2,0,0,0,0,0,0,2,0
Thursday,1,178,2,2,2,2,,0,1,1,0,0,0,0,1,0,1,1,2
Saturday,17,184,2,2,2,2,,0,1,0,0,0,0,2,0,1,5,0,5
Saturday,21,244,2,2,51,2,,1,1,0,3,0,1,0,0,0,0,1,1
Friday,2,131,2,2,2,11,,1,1,0,0,0,0,0,0,0,0,0,1
Tuesday,4,33,2,2,2,2,,0,1,0,1,0,0,0,0,0,1,0,1
Saturday,1,71,2,2,102,2,,1,1,0,0,0,0,0,0,0,0,0,0
Thursday,18,197,2,2,2,2,,0,1,0,1,0,0,0,0,0,0,0,1
Saturday,16,279,2,2,2,2,,0,1,0,0,0,0,1,0,0,0,0,2
Saturday,5,264,2,129,2,14,,0,1,0,4,0,0,5,0,1,4,0,5
Tuesday,1,115,2,2,51,2,,1,1,0,1,0,0,0,0,0,0,0,0
Thursday,18,258,2,25,2,2,,0,1,0,3,0,1,2,0,0,2,0,3
Thursday,5,179,2,2,2,2,,0,1,0,0,0,1,0,1,0,1,2,2
Sunday,0,77,2,2,51,2,,1,1,0,0,0,0,0,0,0,0,0,0
Tuesday,17,48,2,2,51,2,,1,1,0,0,0,0,0,0,0,0,0,0
Thursday,0,67,2,2,51,2,,1,1,0,0,0,0,0,0,0,0,0,0
Thursday,20,77,2,33,2,2,,0,1,0,0,0,0,0,0,0,0,0,0
Tuesday,20,78,2,2,51,2,,1,1,0,0,0,0,0,0,0,0,0,0
Tuesday,2,145,2,2,51,2,,1,1,0,0,0,0,0,0,0,0,0,0
Wednesday,18,49,2,2,51,2,,1,1,0,0,0,0,0,0,0,0,0,0
Friday,18,109,2,69,2,2,,0,1,0,0,0,0,0,0,0,0,1,0
Thursday,3,133,2,2,2,2,,0,1,0,0,0,0,0,0,0,0,0,1
Wednesday,15,117,2,33,2,2,,0,1,0,0,0,0,0,0,1,0,0,0
Sunday,6,117,2,2,2,2,,0,1,0,0,0,0,0,0,0,0,1,1
Wednesday,8,118,2,2,2,2,,0,1,0,1,0,0,1,1,1,1,0,2
Wednesday,14,282,2,2,2,2,,0,1,0,1,1,0,1,0,0,3,1,2
Friday,18,115,2,2,2,2,,0,1,1,0,1,0,0,0,0,0,1,0
Sunday,18,193,2,2,102,2,,1,1,0,0,1,0,0,0,0,1,1,2
Sunday,8,188,64,2,2,2,,0,1,0,1,0,0,1,0,0,0,0,2
Sunday,20,102,2,2,2,2,,0,1,0,1,1,0,0,0,0,1,1,0
Wednesday,22,127,2,2,2,2,,0,1,0,1,2,1,0,1,0,0,2,0
Sunday,17,86,2,2,102,2,,1,1,0,1,0,0,1,0,1,0,0,2
Sunday,16,34,2,2,2,2,,0,1,0,0,0,0,0,0,0,0,0,1
Monday,11,293,64,2,153,16,,1,1,0,1,0,0,1,0,0,1,0,2
Wednesday,4,302,2,30,51,2,,1,1,0,3,0,0,3,0,3,1,0,5
Saturday,21,238,2,2,2,2,,0,1,0,2,0,0,2,1,1,2,0,3
Monday,11,301,2,2,102,2,,1,1,1,1,0,1,1,1,0,1,1,2
Sunday,0,155,2,2,2,2,,0,1,0,0,0,1,0,0,0,1,3,0
Sunday,4,300,64,2,153,2,,1,1,0,2,0,1,2,1,2,0,1,3
Wednesday,13,282,73,2,51,14,,1,1,0,1,0,0,4,0,1,0,0,4
Sunday,20,61,2,2,2,2,,1,1,0,0,0,0,0,0,0,1,0,1
Thursday,9,167,2,2,2,2,55.0,0,1,0,0,0,0,0,0,0,0,0,0
Saturday,1,212,73,2,51,2,,1,1,0,0,0,0,0,1,0,0,1,0
Wednesday,13,230,73,2,51,2,,1,1,0,0,0,0,0,0,0,0,0,1
Thursday,13,154,73,2,51,2,,1,1,0,0,0,0,2,0,0,0,1,4
Tuesday,22,125,2,2,2,2,,0,1,0,1,1,0,0,0,0,1,2,2
Friday,11,129,2,2,51,16,,1,1,1,0,1,1,0,1,0,0,1,0
Thursday,16,236,2,2,2,2,,0,1,0,0,0,0,0,0,0,0,0,0
Tuesday,21,222,2,2,51,2,,1,1,0,0,0,1,0,1,0,0,2,0
Thursday,18,41,2,2,2,2,,0,1,0,0,0,0,0,0,0,0,0,1
Friday,13,199,73,2,51,2,,1,1,0,0,0,0,0,0,0,0,0,2
Friday,15,243,73,2,51,2,,1,1,0,1,0,0,1,0,1,0,0,1
Friday,15,284,2,2,2,14,,0,1,0,2,0,3,0,0,1,3,2,2
Saturday,22,293,2,2,51,2,,1,1,0,2,0,1,1,0,0,1,0,1
Wednesday,1,168,73,2,51,2,,1,1,0,0,0,0,0,0,0,0,0,1
Tuesday,13,160,73,2,51,2,,1,1,0,0,0,0,1,0,0,0,0,1
Saturday,13,163,73,2,51,2,,1,1,0,0,0,0,1,0,0,0,0,3
Thursday,2,171,73,2,51,2,,1,1,0,0,0,1,0,0,0,0,0,0
Tuesday,13,156,73,2,51,2,,1,1,0,0,0,0,0,0,0,0,0,0
Wednesday,1,143,73,2,51,2,,1,1,0,0,0,0,0,0,0,0,0,4
Friday,4,139,2,2,2,2,,0,1,0,0,1,1,0,0,0,0,0,0
Tuesday,18,144,2,2,51,2,,1,1,0,0,0,0,0,0,0,1,1,0
Saturday,20,197,91,2,2,2,,0,1,1,2,2,1,0,0,1,1,3,1
Monday,14,274,2,2,2,2,,0,1,2,1,2,3,0,3,1,1,3,1
Friday,15,253,2,2,2,11,,0,1,0,0,0,0,0,0,0,0,0,1
Thursday,13,67,64,2,102,2,,1,1,0,0,0,0,0,0,0,0,0,0
Wednesday,21,274,2,2,2,2,,0,1,0,1,0,1,0,0,0,2,2,1
Monday,1,129,2,2,2,30,,0,1,1,2,0,1,0,0,0,0,1,0
Sunday,12,56,2,2,102,2,,1,1,0,0,0,0,0,0,0,0,0,0
Wednesday,20,297,2,2,204,55,,1,1,0,1,3,1,1,1,1,1,2,2
Tuesday,14,90,2,2,2,2,,0,1,0,0,0,0,0,0,0,1,0,0
Tuesday,12,80,2,2,2,2,57.0,0,1,0,0,0,0,0,0,0,1,1,0
Monday,3,308,2,92,204,11,,1,1,0,0,0,2,0,3,1,1,4,0
Tuesday,15,178,2,2,2,2,,0,1,0,1,0,2,0,1,0,1,3,2
Wednesday,20,258,2,2,2,2,,0,1,1,1,0,1,2,1,1,2,2,2
Sunday,20,50,2,2,102,2,,1,1,0,0,0,0,0,0,0,0,0,0
Friday,20,236,2,2,2,2,,0,1,0,1,0,0,1,1,0,0,0,1
Tuesday,17,129,2,92,2,2,,0,1,1,1,0,0,1,2,1,1,1,1
Friday,13,265,2,2,2,2,,0,1,3,1,1,2,1,1,0,0,4,1
Thursday,2,254,74,2,51,2,,1,1,0,1,0,0,0,0,1,2,1,2
Thursday,20,287,2,2,2,2,,0,1,1,1,2,1,1,1,0,1,2,2
Monday,23,272,2,2,2,2,,0,1,1,2,2,0,0,1,1,0,3,1
Friday,14,180,74,2,2,2,,0,1,1,2,1,1,2,1,2,1,2,2
Wednesday,10,280,2,2,2,2,,0,1,1,2,1,3,0,0,0,1,5,4
Monday,14,141,2,2,2,2,58.0,0,1,0,1,0,1,0,0,0,1,0,1
Wednesday,16,244,2,2,2,2,57.0,0,1,0,3,0,0,0,0,0,0,0,1
Tuesday,0,293,2,2,51,2,,1,1,0,2,0,0,2,2,1,2,2,2
Thursday,1,173,2,2,2,2,,0,1,1,1,1,1,1,1,1,1,1,1
Wednesday,1,140,2,2,2,2,,0,1,0,0,0,0,0,0,0,0,1,0
Tuesday,16,221,2,32,51,2,,1,1,1,0,0,1,0,2,0,1,2,1
Monday,19,136,2,2,2,2,,1,1,0,0,0,0,0,0,0,1,0,0
Thursday,22,303,2,2,51,31,,1,1,0,1,0,0,2,0,1,2,0,3
Thursday,18,211,2,2,2,2,,0,1,0,0,0,0,0,0,0,0,1,0
Monday,4,214,2,2,2,2,,0,1,0,0,0,0,2,0,0,2,0,2
Thursday,14,99,2,2,2,2,60.0,0,1,0,0,0,0,0,0,0,1,0,1
Thursday,19,264,2,2,2,2,60.0,0,1,2,0,2,2,0,2,0,0,3,0
Saturday,22,198,2,2,2,2,,0,1,0,0,0,0,0,1,0,1,0,1
Thursday,16,116,2,2,2,2,,1,1,0,0,0,0,0,0,0,0,0,0
Sunday,1,216,2,2,2,2,,0,1,0,0,0,0,0,0,0,0,0,0
Friday,2,198,2,58,2,2,54.0,0,1,0,0,0,0,0,0,0,0,1,1
Friday,0,284,78,2,2,2,,0,1,1,1,0,0,1,2,1,3,1,5
Sunday,20,249,2,2,2,2,,0,1,1,1,1,1,1,1,0,0,1,3
Wednesday,2,284,2,2,2,2,,0,1,1,2,1,1,2,2,1,3,3,3
Wednesday,1,299,2,53,2,12,49.0,0,1,3,3,1,2,3,3,2,4,4,4
Tuesday,20,303,2,60,2,2,56.0,0,1,1,0,2,0,0,4,1,0,2,1
Tuesday,18,244,2,2,51,2,,1,1,0,1,0,0,2,1,0,2,2,2
Tuesday,16,223,71,2,51,2,,1,1,0,0,0,0,0,1,0,0,0,1
Tuesday,14,275,2,2,2,2,,0,1,0,0,2,3,1,5,1,1,5,2
Friday,1,136,2,2,2,2,,0,1,0,2,0,0,0,0,0,0,0,1
Friday,23,157,2,34,51,20,,1,1,1,0,1,0,1,0,0,0,1,1
Saturday,18,138,2,2,2,2,,0,1,0,2,1,0,1,1,0,1,0,1
Saturday,5,103,2,2,153,2,,1,1,1,0,1,0,0,0,0,0,1,0
Friday,10,65,2,64,2,2,60.0,0,1,0,1,0,0,1,0,0,1,0,1
Tuesday,1,87,2,2,51,2,,1,1,0,1,0,0,1,0,0,1,0,1
Friday,19,127,2,2,2,2,,0,1,0,2,0,0,0,0,1,1,0,2
Monday,11,140,2,2,2,2,,0,1,0,0,0,0,0,0,0,0,0,0
Sunday,12,101,62,2,51,2,,1,1,0,0,0,0,0,0,0,1,1,0
Saturday,2,140,2,2,2,2,,0,1,0,0,0,1,0,0,0,1,1,1
Monday,6,50,2,2,2,2,,0,1,1,0,2,0,0,0,0,0,2,0
Sunday,16,90,2,2,2,2,,0,1,0,0,0,0,0,0,0,0,0,1
Tuesday,1,46,2,2,51,2,,1,1,0,1,0,0,1,0,1,1,0,1
Monday,15,145,2,2,2,2,,1,1,0,1,0,0,1,0,0,1,0,1
Saturday,5,45,2,2,2,2,,0,1,1,0,1,0,0,0,0,1,1,1
Friday,4,207,2,2,2,2,,0,1,0,0,0,0,1,0,1,1,0,2
Saturday,4,140,2,2,2,2,,0,1,0,0,0,0,0,0,0,0,0,0
Tuesday,1,86,2,2,2,2,,0,1,0,0,0,0,1,0,1,1,0,1
Thursday,1,54,2,2,2,2,,0,1,0,0,0,0,0,0,0,0,0,0
Monday,17,248,2,2,2,2,,0,1,0,0,0,0,0,0,0,0,0,0
Sunday,18,61,2,2,51,2,,1,1,1,0,1,1,0,1,0,0,1,0
Sunday,0,247,2,2,2,2,,0,1,0,1,0,0,1,0,1,1,0,1
Monday,22,253,2,2,2,2,,1,1,0,2,0,0,1,1,0,1,1,3
Wednesday,18,270,2,2,2,2,,0,1,0,1,0,0,1,1,1,1,1,3
Tuesday,16,127,2,2,2,2,,0,1,0,0,1,0,0,0,0,0,1,1
Tuesday,3,148,2,2,2,2,,1,1,1,2,0,2,2,1,1,1,1,2
Monday,1,148,2,2,2,2,,1,1,1,2,0,2,2,1,1,1,1,2
Tuesday,6,136,2,2,51,2,,1,1,0,0,0,0,0,0,0,0,0,1
Wednesday,20,262,2,2,51,2,,1,1,2,1,1,3,1,1,1,1,4,1
Sunday,23,264,2,2,2,2,,0,1,0,2,1,0,1,0,0,1,1,1
Tuesday,22,226,2,2,2,2,57.0,0,1,2,1,1,1,1,0,0,1,1,1
Friday,11,71,2,2,102,2,,1,1,0,0,0,0,0,0,0,0,1,0
Thursday,18,276,2,2,2,2,,0,1,0,1,0,0,1,1,1,1,0,1
Friday,17,81,2,2,2,2,,0,1,0,0,0,0,0,0,0,0,0,0
Friday,4,91,2,2,51,2,,1,1,0,1,0,0,0,0,0,1,1,1
Wednesday,3,135,2,2,51,2,,1,1,0,0,0,0,0,0,0,0,0,1
Wednesday,23,49,2,2,2,2,,0,1,0,0,0,0,0,0,0,0,0,0
Tuesday,5,270,2,2,2,2,,0,1,2,0,1,1,1,1,0,0,2,2
Sunday,1,119,2,2,2,2,,0,1,0,1,0,0,0,0,0,0,0,0
Saturday,19,278,2,2,2,2,,0,1,1,1,0,0,3,0,0,1,1,3
Saturday,0,106,2,2,102,2,,1,1,0,0,0,0,0,0,0,0,0,0
Wednesday,3,36,2,2,2,2,,0,1,0,0,0,0,0,0,0,0,0,1
Saturday,1,180,2,2,2,2,,0,1,0,0,0,1,0,1,0,0,1,0
Tuesday,20,157,2,2,2,2,,0,1,0,1,0,0,1,0,1,2,0,3
Friday,6,279,2,2,2,2,,0,1,0,2,1,0,1,2,0,0,1,3
Friday,13,313,2,2,51,2,,1,1,0,0,0,0,1,1,0,1,0,1
Monday,1,26,2,2,2,2,,0,1,1,0,1,0,0,0,0,0,1,0
Friday,3,43,2,2,2,2,58.0,0,1,0,0,0,0,0,0,0,0,0,0
Saturday,1,280,2,2,2,2,,0,1,0,1,0,0,2,2,0,2,1,3
Monday,5,147,2,2,2,2,,1,1,1,0,1,1,0,1,0,0,2,0
Sunday,20,285,2,2,2,2,,0,1,0,1,0,0,1,1,1,1,1,1
Sunday,2,181,2,2,2,2,,0,1,0,0,0,0,0,0,0,0,0,1
Sunday,16,247,2,2,2,2,,0,1,0,0,0,0,1,1,1,1,2,1
Friday,3,85,2,2,2,2,,0,1,1,0,2,1,0,1,0,0,2,0
Wednesday,7,169,2,2,2,12,,1,1,0,1,0,0,0,0,0,0,0,1
Sunday,18,277,64,2,2,15,,0,1,0,1,1,1,0,0,0,0,2,3
Sunday,4,96,2,2,2,2,,1,1,0,0,0,0,1,0,0,1,0,1
Saturday,19,207,64,2,2,16,,1,1,0,1,0,0,0,0,0,0,0,1
Thursday,5,134,2,2,2,2,,0,1,0,1,0,0,0,0,0,0,1,1
Friday,2,113,2,2,2,2,,0,1,0,0,0,0,1,0,0,1,1,2
Tuesday,7,282,2,2,2,2,,0,1,0,1,1,0,2,1,1,0,1,7
Wednesday,18,274,2,2,2,2,,0,1,0,0,0,0,0,0,0,0,0,0
Monday,21,106,2,64,2,2,60.0,0,1,0,0,0,0,0,1,0,0,0,0
Wednesday,1,88,2,62,2,2,58.0,0,1,0,0,0,0,0,0,0,0,0,0
Wednesday,23,71,2,63,2,2,59.0,0,1,1,0,0,0,0,1,0,0,2,0
Thursday,22,140,2,2,2,2,,0,1,0,0,0,0,0,0,0,0,0,0
Saturday,21,53,2,2,2,2,,0,1,0,0,0,0,0,1,1,0,1,0
Wednesday,3,137,2,2,2,2,,0,1,0,0,0,0,1,1,0,0,0,2
Wednesday,8,39,2,2,2,2,,0,1,0,0,0,0,0,0,0,0,0,0
Wednesday,3,140,2,2,2,2,,0,1,1,0,1,0,0,0,0,0,1,0
Tuesday,22,92,78,2,2,2,,0,1,0,1,0,0,1,1,0,1,1,1
Saturday,21,145,2,59,2,2,55.0,0,1,0,1,0,1,0,0,1,0,1,0
Thursday,0,21,2,2,2,2,,0,1,0,0,0,0,0,0,0,0,0,0
Saturday,4,140,2,2,2,2,,0,1,0,2,0,1,1,0,0,1,0,3
Tuesday,6,100,2,2,2,7,,0,1,0,0,0,0,0,0,0,0,0,1
Wednesday,21,17,2,2,2,2,,0,1,0,1,0,0,0,0,0,0,0,0
Sunday,23,140,2,2,2,2,,0,1,0,1,0,0,1,0,0,2,0,2
Wednesday,17,124,2,2,2,2,,0,1,0,0,0,0,0,0,0,0,0,0
Saturday,4,66,2,2,2,2,,0,1,0,1,0,0,1,0,1,1,0,1
Saturday,2,16,2,2,2,2,,0,1,0,0,0,0,1,0,0,0,0,1
Saturday,16,151,2,2,51,2,,1,1,0,1,0,0,1,0,0,1,1,1
Thursday,19,226,2,2,51,2,,1,1,1,0,1,1,1,1,0,0,1,1
Monday,7,263,2,2,2,2,,0,1,2,1,1,1,1,2,0,1,3,3
Sunday,17,132,2,2,2,2,,0,1,0,2,0,0,2,0,0,0,1,2
Tuesday,21,140,2,85,2,2,,0,1,0,0,0,1,0,0,0,0,0,0
Tuesday,19,105,2,2,51,2,,1,1,0,0,0,0,0,0,0,0,0,0
Sunday,13,279,2,2,2,2,,0,1,0,0,0,0,1,0,0,2,0,2
Monday,16,65,2,2,51,2,,1,1,0,0,0,0,0,0,0,0,0,0
Sunday,10,52,2,2,2,2,,0,1,0,0,0,0,0,0,0,1,0,1
Thursday,20,57,2,2,2,2,,0,1,0,1,0,0,2,0,1,1,0,2
Wednesday,20,92,2,2,51,2,,1,1,0,0,0,0,1,0,0,1,0,1
Thursday,9,124,2,2,2,2,,0,1,0,0,0,0,0,0,0,1,0,1
Thursday,13,62,2,2,2,2,,0,1,0,0,0,0,1,0,0,0,0,1
Wednesday,21,247,2,2,2,2,,0,1,0,0,0,0,0,0,0,0,0,1
Tuesday,17,127,2,2,2,2,,0,1,0,0,0,0,1,0,0,0,0,2
Saturday,19,241,2,2,2,2,,0,1,0,0,0,0,1,1,0,0,2,1
Monday,16,199,2,2,2,2,52.0,0,1,0,1,1,0,1,0,1,1,4,2
Thursday,18,53,2,2,2,2,,0,1,1,0,1,1,0,1,0,1,1,1
Thursday,3,65,2,2,51,2,,1,1,0,0,0,0,0,0,0,0,0,0
Sunday,16,195,2,2,2,2,,0,1,0,3,0,0,2,0,2,3,0,4
Thursday,10,112,64,2,2,2,,0,1,1,1,1,1,0,1,0,0,2,2
Thursday,10,38,64,2,2,2,,0,1,1,0,1,0,0,0,0,0,1,0
Monday,22,92,2,2,2,2,,0,1,0,0,0,1,1,0,0,0,1,1
Thursday,6,42,2,2,2,2,,0,1,0,0,1,0,0,0,0,1,1,1
Monday,15,51,2,2,2,2,,0,1,0,1,0,0,2,0,1,1,0,2
Saturday,23,52,2,2,204,2,,1,1,0,0,0,0,0,0,0,0,0,0
Friday,12,94,2,2,102,2,,1,1,0,0,0,0,0,0,0,0,0,0
Sunday,18,266,87,36,2,2,,0,1,1,1,0,0,1,0,1,1,0,2
Sunday,1,93,2,2,2,2,,1,1,1,0,1,1,0,1,0,0,1,0
Tuesday,7,87,2,2,2,2,,0,1,0,0,0,0,1,0,0,0,0,3
Sunday,1,69,2,2,2,2,,0,1,1,0,0,1,1,1,0,0,1,1
Monday,2,279,2,2,2,2,,0,1,0,1,1,0,1,0,1,1,1,1
Friday,14,251,2,2,2,2,,0,1,0,1,0,0,2,0,0,3,0,3
Thursday,22,44,2,2,2,2,,0,1,0,0,0,1,0,1,0,1,1,1
Thursday,19,117,2,2,2,2,,0,1,0,0,0,0,1,0,0,0,0,2
Wednesday,22,275,2,2,2,2,,0,1,4,4,2,3,5,3,2,4,3,6
Monday,20,227,2,2,51,2,,1,1,2,1,0,2,1,0,0,1,2,2
Friday,23,172,2,2,2,2,,0,1,1,0,1,1,1,1,0,1,3,2
Friday,21,141,2,2,51,2,,1,1,0,0,0,0,0,0,1,0,1,1
Thursday,22,113,2,2,102,2,,1,1,1,0,1,0,0,0,0,0,1,0
Friday,16,86,2,2,2,2,,0,1,0,0,0,0,0,0,0,0,0,0
Thursday,20,139,2,2,102,2,,1,1,0,0,0,0,0,0,1,0,1,1
Wednesday,0,78,2,2,2,2,,0,1,0,0,0,0,1,0,0,0,0,1
Friday,8,103,2,2,2,2,,0,1,0,2,0,0,1,0,1,1,2,2
Saturday,23,47,2,2,2,2,51.0,0,1,0,0,0,0,0,0,0,0,0,0
Tuesday,14,46,2,2,2,2,,0,1,2,0,2,1,0,0,1,0,2,0
Saturday,17,61,2,2,2,2,,0,1,0,0,0,0,0,0,0,1,0,1
Saturday,19,114,2,2,2,2,,0,1,0,0,0,1,0,1,0,0,1,0
Wednesday,22,79,2,2,2,2,,0,1,0,0,0,1,1,1,1,0,1,2
Thursday,17,280,2,2,2,2,,0,1,0,1,0,0,1,1,0,1,0,1
Wednesday,12,250,2,2,2,2,,0,1,1,1,0,0,1,0,1,1,0,3
Wednesday,2,82,2,2,51,2,,1,1,0,1,0,0,0,0,0,0,0,0
Thursday,20,63,2,2,102,2,,1,1,0,0,0,0,1,0,0,1,0,1
Wednesday,9,105,2,2,2,2,,0,1,0,1,0,1,0,1,1,0,1,0
Tuesday,22,261,2,2,2,2,,0,1,0,1,0,2,5,2,1,3,2,5
Wednesday,4,195,2,2,2,2,,0,1,0,1,0,0,1,0,1,2,0,2
Monday,15,283,2,2,2,2,,0,1,0,3,0,0,4,0,0,1,1,9
Wednesday,15,269,2,2,2,2,,0,1,0,1,1,0,2,0,1,2,1,3
Thursday,23,125,2,2,51,2,,1,1,1,0,1,0,0,0,0,0,1,0
Monday,4,168,67,38,102,21,,1,1,0,1,0,0,1,0,0,0,0,1
Friday,21,225,2,2,2,2,55.0,0,1,1,0,1,1,1,1,0,0,1,2
Monday,13,216,2,2,102,8,,1,1,0,1,0,0,2,0,1,3,0,4
Monday,1,279,212,2,2,2,,0,1,1,1,0,0,2,0,1,0,3,3
Thursday,16,187,2,2,204,57,,1,1,0,0,0,0,0,0,0,0,0,0
Wednesday,18,47,2,2,2,2,,0,1,0,0,0,0,1,0,0,0,0,1
Monday,17,100,2,2,51,2,,1,1,0,0,0,0,0,0,0,0,0,0
Monday,1,96,2,2,2,2,,0,1,1,0,0,0,1,1,0,1,2,2
Sunday,14,279,2,2,2,2,59.0,0,1,1,2,2,3,2,3,1,0,4,5
Wednesday,4,129,2,2,2,2,,0,1,0,1,0,0,1,2,0,0,2,1
Monday,20,102,2,2,2,2,,0,1,1,0,1,1,0,1,0,0,1,1
Saturday,16,188,2,2,2,10,,0,1,0,0,0,0,0,0,0,1,0,2
Monday,11,58,2,2,51,2,,1,1,1,0,1,1,0,1,0,0,1,0
Saturday,9,50,2,2,2,2,,0,1,0,0,0,0,0,0,0,0,0,0
Tuesday,0,118,2,2,204,2,,1,1,0,1,0,0,0,0,0,0,0,0
Sunday,21,34,2,2,2,2,,0,1,0,0,1,0,0,0,0,1,1,1
Sunday,20,269,2,2,2,30,,0,1,4,0,2,4,0,2,0,1,5,1
Wednesday,16,127,2,27,2,2,,0,1,0,0,1,1,1,0,0,0,0,2
Tuesday,16,50,2,2,2,2,,0,1,0,0,0,0,0,0,0,0,0,0
Thursday,8,77,2,2,51,2,,1,1,0,1,0,0,0,0,0,0,0,0
Tuesday,15,42,2,2,2,2,,0,1,0,1,0,1,1,0,0,1,0,1
Wednesday,21,277,2,2,2,2,,0,1,1,3,0,0,2,0,1,2,0,2
Friday,11,63,2,2,2,2,,0,1,0,0,0,0,0,0,0,0,1,0
Saturday,10,79,2,2,2,2,,0,1,0,0,0,0,1,0,0,0,0,1
Saturday,6,174,2,2,2,2,,0,1,1,1,0,1,3,1,0,1,1,3
Thursday,4,89,2,2,2,2,,0,1,1,0,1,0,1,0,0,0,1,1
Wednesday,4,69,2,2,51,2,,1,1,1,0,1,1,0,0,0,0,1,0
Tuesday,21,39,2,2,2,2,,0,1,0,0,0,0,1,0,0,1,1,1
Tuesday,14,107,2,2,2,2,,0,1,0,1,0,0,0,1,0,0,1,1
Saturday,16,123,2,2,2,2,,0,1,0,0,1,0,1,0,0,2,2,3
Monday,19,110,2,2,2,2,,0,1,1,1,1,0,2,0,1,1,1,3
Monday,0,47,2,2,204,2,,1,1,0,2,0,0,2,0,0,2,0,2
Thursday,2,270,2,2,2,7,,0,1,1,1,1,2,3,1,0,1,2,6
Sunday,7,61,2,2,204,2,,1,1,0,0,0,0,1,0,0,0,0,1
Friday,7,64,2,2,204,2,,1,1,0,0,0,0,1,0,0,0,0,1
Saturday,9,124,2,2,102,2,,1,1,1,1,1,0,1,0,1,1,1,1
Thursday,16,110,2,2,2,2,,0,1,0,2,0,0,2,0,0,2,0,3
Sunday,21,53,2,2,2,2,56.0,0,1,0,0,0,0,0,0,0,0,0,0
Monday,18,42,2,2,2,2,,0,1,1,0,1,1,0,1,0,0,1,0
Monday,11,56,2,2,2,2,,0,1,1,1,1,1,0,1,0,0,2,0
Monday,4,206,2,2,2,15,,0,1,1,0,0,1,2,2,0,2,3,4
Thursday,20,197,2,2,2,2,,0,1,0,0,0,0,0,0,0,0,0,2
Wednesday,15,89,2,2,2,2,,0,1,1,0,1,0,0,0,0,1,2,1
Friday,16,231,2,2,2,2,,0,1,0,0,0,0,3,0,0,2,0,3
Friday,19,96,2,2,2,2,,0,1,0,1,1,0,2,0,1,1,0,3
Sunday,10,56,2,2,102,2,,1,1,0,1,0,0,1,0,1,0,0,1
Friday,5,277,2,2,2,2,,0,1,0,1,0,0,0,0,0,0,1,0
Saturday,19,49,2,2,2,2,,0,1,1,0,1,1,0,1,0,1,1,1
Tuesday,13,65,2,2,2,2,,0,1,1,0,1,1,0,1,0,1,1,1
Tuesday,7,193,2,2,2,2,,0,1,1,2,1,4,0,2,3,2,3,2
Thursday,7,76,2,2,2,2,51.0,0,1,0,1,0,0,1,0,0,0,0,1
Wednesday,21,274,2,2,2,2,51.0,0,1,0,0,0,0,1,1,0,0,0,3
Tuesday,13,93,2,2,2,2,,0,1,0,0,0,0,1,0,0,0,0,1
Sunday,22,119,2,2,51,2,,1,1,0,0,1,0,0,0,0,1,1,1
Friday,19,148,2,2,2,2,,0,1,0,0,0,0,0,0,0,0,0,0
Saturday,15,76,2,2,2,2,,0,1,0,0,0,0,1,0,0,0,0,1
Friday,5,109,2,2,2,2,,1,1,0,1,0,0,1,1,1,0,1,1
Friday,13,69,2,2,2,2,,0,1,0,0,0,0,0,0,0,0,0,0
Thursday,19,187,2,2,2,2,,0,1,1,0,0,1,0,0,1,0,2,0
Wednesday,2,126,2,27,2,2,,0,1,1,0,0,0,1,0,0,0,1,1
Tuesday,1,70,2,2,2,2,,1,1,0,0,0,0,0,0,0,0,0,0
Monday,21,96,2,2,2,2,,1,1,0,1,0,0,0,0,0,0,0,0
Thursday,3,91,2,2,51,2,,1,1,0,1,0,0,0,0,0,0,0,2
Wednesday,20,278,2,2,2,2,,0,1,0,2,0,0,2,0,2,2,0,3
Thursday,21,279,2,2,2,2,,0,1,1,0,0,1,1,0,0,1,1,2
Thursday,7,130,2,2,2,2,53.0,0,1,2,1,0,1,1,2,0,1,2,1
Thursday,4,36,2,2,2,2,,0,1,0,0,0,0,0,0,0,0,0,0
Sunday,21,226,2,2,2,46,,0,1,0,0,0,0,2,0,1,0,0,5
Wednesday,23,126,2,27,2,2,,0,1,1,0,0,0,1,0,0,0,1,1
Wednesday,4,222,2,2,2,2,,0,1,0,0,0,0,0,0,0,0,0,1
Tuesday,15,279,2,2,2,2,,0,1,0,0,0,0,0,0,0,0,0,0
Tuesday,9,129,2,2,2,2,55.0,0,1,2,1,1,1,2,1,0,1,2,2
Tuesday,7,148,2,2,2,2,,0,1,0,0,0,0,0,1,0,0,2,0
Monday,16,273,2,2,2,2,,0,1,0,1,0,0,1,0,1,1,0,1
Sunday,21,56,2,2,2,2,,0,1,0,0,0,0,0,0,0,1,0,0
Thursday,14,196,2,2,204,22,,1,1,0,1,0,2,2,0,0,1,0,4
Sunday,12,166,2,2,102,2,,1,1,1,0,1,1,0,1,1,0,2,0
Thursday,15,57,2,2,51,2,,1,1,0,0,0,1,0,1,0,0,1,0
Saturday,20,253,2,2,2,2,,0,1,3,2,2,1,2,3,0,2,5,2
Wednesday,2,41,2,2,2,2,,0,1,2,0,2,2,0,2,0,1,3,2
Saturday,23,302,2,2,51,2,,1,1,2,0,2,2,0,1,0,0,2,1
Friday,1,57,2,2,2,2,,0,1,0,1,0,0,0,0,0,0,0,0
Thursday,19,198,2,2,2,2,,0,1,0,1,0,0,1,1,0,1,0,1
Wednesday,14,245,2,89,2,2,,0,1,0,1,0,1,1,0,0,0,2,1
Sunday,19,72,2,2,2,2,,1,1,0,0,0,0,0,0,0,1,0,1
Saturday,13,234,73,2,51,2,,1,1,0,1,0,0,2,0,0,1,0,4
Thursday,6,82,2,2,102,2,,1,1,0,1,0,1,0,1,0,0,1,0
Monday,15,277,2,2,2,2,,0,1,0,0,0,0,1,0,0,0,0,2
Tuesday,17,279,2,2,2,2,,0,1,0,1,0,0,1,1,0,1,0,2
Sunday,21,123,2,2,2,2,,0,1,0,0,0,1,0,1,0,0,1,1
Saturday,5,214,2,2,2,2,,0,1,0,1,0,0,1,1,1,1,1,2
Wednesday,16,261,2,2,2,2,,0,1,0,2,0,0,2,1,1,2,0,3
Wednesday,14,240,2,2,2,2,,0,1,1,2,0,0,3,0,1,3,0,3
Wednesday,9,141,2,2,51,2,,1,1,0,0,1,0,1,0,0,0,2,1
Friday,23,124,2,2,2,2,,0,1,0,0,0,0,0,0,0,0,0,0
Wednesday,17,270,2,2,2,2,,0,1,0,1,0,0,0,0,0,1,0,1
Wednesday,21,44,2,33,2,2,,0,1,0,0,0,0,0,0,0,0,0,0
Wednesday,21,137,2,2,2,2,,0,1,0,0,0,0,1,0,0,0,0,2
Thursday,19,211,2,2,2,2,,0,1,1,1,1,0,2,0,1,2,0,2
Thursday,1,42,2,2,2,2,,0,1,0,0,0,0,0,0,0,0,1,1
Tuesday,7,280,154,2,2,2,,0,1,1,2,1,2,2,1,0,2,2,4
Sunday,12,298,2,2,102,2,,1,1,1,4,1,1,0,1,2,0,2,2
Tuesday,0,36,2,2,2,2,,0,1,0,2,0,0,2,0,0,2,0,2
Monday,2,36,2,2,2,2,,0,1,0,0,0,0,0,0,0,0,0,0
Saturday,22,267,2,2,2,2,,0,1,4,2,3,2,3,2,0,2,4,3
Saturday,19,94,2,2,2,2,,0,1,0,0,0,0,0,0,0,1,0,1
Tuesday,20,40,2,2,2,2,,1,1,0,0,0,0,0,0,0,0,0,0
Friday,1,15,2,2,2,2,,0,1,0,0,0,0,1,0,0,0,0,1
Thursday,20,268,2,2,2,17,,0,1,2,0,2,3,1,1,0,1,4,1
Thursday,13,218,73,2,51,2,,1,1,0,1,0,0,2,0,1,2,0,2
Monday,9,280,2,2,2,2,,0,1,5,2,2,6,2,2,2,0,6,2
Thursday,18,255,77,2,2,2,,0,1,0,0,0,0,2,0,0,0,0,3
Sunday,14,299,2,2,2,2,,1,1,0,2,0,1,4,2,2,1,3,4
Monday,16,42,2,2,2,2,,0,1,0,0,0,0,0,0,0,0,0,0
Sunday,19,246,2,2,2,2,,0,1,0,0,1,0,0,1,0,0,1,0
Saturday,17,63,2,2,2,2,55.0,0,1,0,1,0,0,1,0,0,1,0,2
Friday,10,210,2,2,2,2,,0,1,0,0,0,0,1,0,0,1,0,1
Friday,21,282,2,2,2,14,55.0,0,1,3,1,2,3,1,2,1,0,3,1
Friday,3,281,2,87,2,2,,0,1,2,1,1,1,1,0,1,0,2,2
Friday,2,224,2,2,2,2,,0,1,0,1,0,1,1,1,0,1,1,1
Wednesday,0,49,2,2,2,2,62.0,0,1,0,0,0,0,0,0,0,0,0,0
Friday,0,189,2,2,2,2,,1,1,0,1,1,0,2,0,1,0,1,2
Thursday,21,35,2,2,2,2,,0,1,1,0,1,1,0,1,0,0,1,0
Monday,4,41,2,2,2,2,,0,1,0,0,0,0,1,0,0,1,0,1
Wednesday,23,230,2,2,2,2,,0,1,1,2,1,1,1,1,2,2,2,3
Monday,10,81,2,2,2,2,,0,1,0,1,0,0,1,0,0,0,1,1
Tuesday,23,174,2,2,2,2,,0,1,0,0,0,0,2,1,0,1,1,3
Saturday,19,80,2,67,2,2,,0,1,0,1,0,0,0,0,0,0,0,2
Saturday,1,75,2,67,2,2,,0,1,0,0,0,0,0,0,0,0,0,1
Friday,6,130,2,2,51,2,,1,1,0,0,0,0,1,0,0,0,0,2
Thursday,17,119,2,2,51,2,,1,1,0,0,0,0,0,0,0,0,0,1
Monday,13,268,2,2,2,2,61.0,0,1,0,3,0,0,1,0,0,2,0,4
Friday,19,130,2,2,2,2,,0,1,0,0,0,0,0,0,0,0,0,0
Wednesday,17,280,2,2,2,2,,0,1,0,2,2,0,2,0,0,3,2,3
Thursday,2,140,2,2,2,2,,0,1,0,0,0,0,1,0,0,1,0,1
Saturday,16,284,2,2,2,2,,0,1,0,1,0,0,1,0,0,0,0,1
Thursday,16,72,2,2,2,2,,0,1,0,0,0,0,0,0,0,0,0,0
Monday,16,112,2,2,2,2,,0,1,0,1,0,0,1,0,1,1,0,1
Monday,14,121,2,2,2,2,,0,1,0,1,0,0,1,0,0,1,0,2
Monday,13,198,2,2,2,2,,0,1,0,2,0,1,2,1,0,1,0,2
Monday,3,106,2,2,2,2,,0,1,0,0,0,0,0,0,0,0,0,0
Monday,1,69,2,2,51,2,,1,1,0,0,0,0,0,0,0,0,0,0
Monday,1,80,2,2,2,2,53.0,0,1,0,1,0,0,1,0,0,1,0,1
Monday,22,166,2,2,2,2,,0,1,2,1,1,2,1,2,1,1,2,1
Monday,18,73,2,2,2,2,53.0,0,1,0,0,0,0,0,1,0,0,1,0
Friday,9,90,2,2,2,2,51.0,0,1,1,2,1,1,1,1,1,1,2,3
Monday,1,79,2,2,2,2,,1,1,0,0,1,1,0,0,0,0,1,0
Friday,4,170,2,2,2,2,,0,1,0,1,0,1,2,1,0,2,1,3
Thursday,8,67,2,2,2,2,,0,1,0,0,0,0,0,0,0,0,0,1
Tuesday,14,96,2,2,2,2,59.0,0,1,0,2,0,0,2,0,0,2,0,2
Thursday,5,38,2,2,2,2,,0,1,0,0,0,0,0,0,0,0,0,0
Wednesday,9,102,2,2,2,2,57.0,0,1,0,0,0,0,0,0,0,0,0,1
Saturday,0,132,2,2,2,2,,0,1,0,0,0,1,1,1,1,1,2,1
Wednesday,20,155,2,2,2,2,,0,1,1,1,1,1,0,1,0,0,1,0
Wednesday,11,238,2,2,102,2,,1,1,1,2,1,1,1,1,1,0,2,4
Wednesday,9,119,2,2,2,2,54.0,0,1,2,1,2,2,1,2,1,1,3,2
Wednesday,7,57,2,2,51,2,,1,1,0,2,0,0,0,0,0,0,0,0
Tuesday,2,279,2,2,2,2,,0,1,1,1,0,1,2,1,0,2,2,5
Sunday,4,127,2,2,51,2,,1,1,0,0,0,0,1,0,0,0,0,1
Sunday,8,82,2,2,102,2,,1,1,1,1,0,0,1,1,1,1,1,1
Tuesday,23,60,2,2,51,2,,1,1,0,1,0,0,2,0,0,1,0,2
Sunday,4,96,2,2,2,2,,0,1,0,0,0,0,0,0,0,1,0,1
Sunday,4,62,2,2,2,2,,0,1,1,0,1,0,0,0,0,2,1,1
Saturday,18,279,2,2,2,2,,0,1,0,1,1,0,2,0,0,0,2,3
Friday,20,217,2,2,2,2,,0,1,0,0,0,0,0,0,0,0,0,0
Saturday,13,166,2,65,2,2,,0,1,0,1,0,0,1,0,0,1,0,1
Saturday,7,256,2,67,2,7,,0,1,0,0,0,0,1,0,1,0,0,1
Wednesday,2,19,2,2,2,2,,0,1,0,0,0,0,0,0,0,0,0,0
Saturday,4,68,2,2,2,2,,1,1,0,0,0,0,0,0,0,0,0,0
Saturday,3,36,2,2,2,2,,0,1,0,0,0,1,1,0,0,0,0,1
Wednesday,7,35,2,2,2,2,,0,1,1,0,1,1,0,1,0,0,1,0
Thursday,21,280,2,138,2,2,,0,1,5,2,0,3,3,4,1,2,5,5
Monday,14,75,2,2,2,2,,0,1,0,0,0,0,1,0,0,0,0,1
Tuesday,18,196,2,2,51,2,,1,1,0,0,0,0,0,0,0,1,1,1
Sunday,17,62,2,2,2,2,54.0,0,1,0,0,0,0,1,0,0,0,0,1
Tuesday,9,261,2,2,2,2,,0,1,1,2,0,0,2,0,1,0,1,3
Monday,14,142,2,2,2,2,,0,1,1,1,0,0,2,1,1,2,1,4
Monday,3,276,2,2,2,2,,0,1,0,0,0,0,1,0,0,2,0,4
Sunday,1,41,2,2,51,2,,1,1,0,0,0,0,0,0,0,0,0,0
Friday,23,68,2,2,51,2,,1,1,0,0,0,0,0,0,0,0,0,0
Friday,22,111,146,2,2,32,,1,1,0,0,0,0,1,0,0,1,0,1
Thursday,5,237,2,2,2,2,,0,1,0,2,0,0,3,0,1,3,0,6
Tuesday,15,95,2,2,2,2,54.0,0,1,0,0,0,0,0,0,0,1,0,1
Tuesday,19,38,2,2,2,2,,0,1,0,0,0,0,0,0,0,0,0,0
Tuesday,18,172,2,110,51,2,,1,1,0,0,0,0,0,0,0,1,0,1
Sunday,20,244,2,2,2,2,59.0,0,1,0,0,0,0,1,0,0,0,0,6
Sunday,16,126,2,2,2,2,59.0,0,1,1,0,1,1,0,1,0,0,1,0
Friday,14,59,2,2,2,2,,0,1,1,0,1,1,0,1,0,0,1,0
Thursday,12,96,2,2,102,2,,1,1,0,0,0,0,0,0,0,0,0,0
Friday,13,146,2,2,2,2,,0,1,0,0,0,0,0,0,0,1,1,1
Saturday,13,152,2,2,2,2,,0,1,0,0,0,0,0,0,0,0,1,0
Thursday,10,300,2,2,51,2,,1,1,1,1,0,0,0,0,1,2,1,1
Thursday,17,98,2,2,102,2,,1,1,0,0,0,0,0,0,0,0,0,0
Friday,23,137,2,2,2,2,,0,1,0,0,0,1,2,2,0,2,3,2
Sunday,15,210,2,2,2,2,,0,1,0,0,0,0,1,0,0,1,3,1
Saturday,19,243,2,2,204,2,,1,1,0,1,0,0,2,0,1,1,0,2
Wednesday,15,223,2,2,2,25,,0,1,1,1,1,3,2,1,1,4,3,4
Wednesday,22,84,2,64,2,2,60.0,0,1,1,1,1,0,1,0,1,1,0,1
Wednesday,13,251,2,2,2,2,,0,1,0,0,0,0,0,1,0,0,1,0
Saturday,15,246,2,54,2,2,50.0,0,1,0,0,1,1,1,0,0,0,1,1
Sunday,19,229,2,2,2,2,,0,1,0,1,2,1,1,1,1,2,2,1
Tuesday,3,53,2,2,2,2,,0,1,0,0,0,0,0,0,0,0,0,0
Saturday,2,43,2,2,2,2,,0,1,0,0,0,0,0,0,0,0,0,0
Friday,20,85,2,64,2,2,60.0,0,1,1,0,1,1,0,1,1,0,1,1
Saturday,2,275,2,2,2,2,,0,1,0,2,1,0,2,0,1,2,0,3
Friday,15,241,2,2,2,29,,1,1,0,1,0,0,2,0,0,2,0,3
Wednesday,14,205,2,2,51,2,,1,1,0,1,1,0,1,0,1,1,1,1
Monday,4,217,2,2,2,2,,0,1,0,0,0,0,0,0,0,0,0,0
Monday,19,52,2,2,2,2,,1,1,0,0,0,0,0,0,0,0,0,1
Wednesday,19,130,2,53,2,2,49.0,0,1,0,1,0,1,0,1,0,0,1,0
Friday,0,58,2,2,51,2,,1,1,0,0,0,0,0,0,0,0,0,0
Tuesday,3,115,2,2,2,2,,0,1,0,0,0,1,0,0,0,0,1,1
Saturday,19,273,2,2,2,2,,0,1,1,2,1,2,1,1,1,1,2,3
Sunday,21,251,2,2,2,2,,0,1,0,0,1,0,0,1,0,0,1,0
Tuesday,16,50,2,2,51,2,,1,1,0,0,0,0,0,0,0,0,0,0
Saturday,15,280,2,2,2,2,,0,1,0,1,0,0,1,0,0,2,0,3
Monday,9,90,2,2,51,2,,1,1,0,0,0,0,0,0,0,0,0,2
Thursday,20,263,2,2,2,2,,0,1,2,1,1,2,0,1,0,3,1,2
Tuesday,17,60,2,2,102,2,,1,1,0,0,0,0,0,0,0,0,0,0
Tuesday,19,191,2,2,2,2,,0,1,2,2,2,3,1,2,1,0,3,2
Monday,19,23,2,2,2,2,,0,1,0,0,0,0,1,0,0,0,0,1
Thursday,1,53,2,2,2,2,,0,1,0,0,0,0,0,0,0,0,0,0
Wednesday,2,175,2,2,2,2,,0,1,0,1,0,0,2,0,2,1,1,2
Monday,17,208,2,2,2,2,,0,1,1,0,1,1,1,0,1,1,1,1
Sunday,16,73,2,2,51,2,,1,1,1,0,0,1,0,1,0,0,1,0
Friday,16,303,2,2,51,2,,1,1,0,1,1,1,0,0,0,1,1,1
Thursday,6,98,2,2,2,2,,1,1,0,1,0,0,1,0,0,0,0,1
Thursday,2,88,2,2,2,2,,0,1,0,0,0,0,2,0,1,1,0,2
Sunday,9,191,2,2,51,10,,1,1,0,1,0,0,1,0,0,1,0,1
Saturday,1,109,2,2,51,2,,1,1,0,0,0,0,1,0,0,0,0,1
Wednesday,21,94,2,2,51,2,,1,1,0,0,0,0,1,0,0,0,0,2
Monday,18,80,2,65,2,2,1.0,0,1,2,0,2,1,0,1,0,0,2,0
Sunday,19,98,2,66,2,2,,0,1,0,1,0,0,1,0,1,0,0,1
Monday,21,105,2,60,2,2,56.0,0,1,0,0,0,0,0,0,0,0,1,0
Monday,2,88,2,2,2,2,,0,1,0,0,0,0,0,0,0,0,0,0
Wednesday,6,116,2,2,51,2,,1,1,0,1,0,0,1,0,1,0,1,1
Friday,20,158,2,2,102,2,,1,1,0,1,0,0,0,0,0,1,0,1
Wednesday,22,58,2,65,2,2,61.0,0,1,0,0,0,0,0,0,0,0,0,0
Wednesday,21,54,2,2,51,2,,1,1,1,0,1,2,0,1,1,0,1,0
Wednesday,2,60,2,2,204,2,,1,1,0,0,0,0,1,0,0,0,0,1
Wednesday,16,140,2,2,2,2,,0,1,1,2,0,1,0,0,1,1,1,4
Sunday,19,99,2,2,2,2,,0,1,0,0,0,0,0,0,0,0,0,1
Thursday,19,115,2,2,2,2,,0,1,0,0,0,0,0,1,0,0,1,0
Tuesday,20,48,2,59,2,2,55.0,0,1,0,0,0,0,0,0,0,0,0,0
Monday,18,138,2,54,2,2,50.0,0,1,1,0,0,1,0,1,0,0,1,0
Monday,4,130,2,26,51,2,,1,1,1,0,1,1,0,1,0,0,1,0
Wednesday,12,76,2,62,2,2,58.0,0,1,1,0,1,1,0,1,0,0,1,0
Wednesday,20,169,2,2,153,2,,1,1,0,2,0,1,2,0,0,1,1,2
Monday,5,109,2,63,2,2,59.0,0,1,2,1,1,0,1,0,1,1,2,1
Sunday,19,77,2,60,2,2,56.0,0,1,0,1,0,0,1,0,0,0,1,1
Wednesday,18,24,2,2,2,2,,0,1,0,1,0,0,2,0,1,1,0,2
Wednesday,14,146,2,2,2,2,,0,1,1,0,1,2,1,1,1,0,2,1
Tuesday,16,71,2,2,51,2,,1,1,1,1,0,0,2,0,1,1,0,2
Monday,20,164,2,2,102,2,,1,1,0,2,0,0,1,0,1,1,0,1
Monday,20,161,2,2,51,2,,1,1,1,0,1,1,1,1,0,0,1,2
Monday,20,140,2,2,2,2,,0,1,0,0,0,0,0,0,0,1,0,0
Monday,19,118,2,54,2,2,50.0,0,1,0,0,0,0,1,0,0,0,2,1
Monday,19,142,2,54,2,2,50.0,0,1,0,1,0,0,2,0,1,3,0,3
Monday,19,104,2,24,2,2,,0,1,0,0,0,0,1,0,0,0,0,1
Tuesday,8,15,2,2,2,2,,0,1,0,0,0,0,1,0,0,0,0,1
Thursday,23,71,2,62,2,2,58.0,0,1,1,0,0,0,0,0,0,0,1,0
Friday,16,143,2,2,2,2,,0,1,0,0,0,0,0,0,1,0,0,0
Wednesday,17,58,2,2,51,2,,1,1,1,0,0,0,1,0,0,0,1,1
Friday,20,108,2,58,2,2,54.0,0,1,0,0,1,0,0,0,0,0,1,0
Thursday,22,135,2,101,2,2,,0,1,0,1,0,1,1,1,1,0,0,3
Sunday,8,130,2,2,2,2,,1,1,0,0,0,0,1,0,0,1,0,1
Tuesday,15,140,2,2,2,2,,0,1,1,1,0,1,0,1,0,0,2,1
Sunday,9,71,2,2,2,25,,0,1,0,0,0,0,0,0,0,1,0,1
Thursday,20,139,2,2,2,2,,0,1,0,1,0,0,2,0,1,1,0,3
Saturday,9,131,2,2,51,2,,1,1,0,0,0,0,1,0,0,2,0,1
Sunday,20,126,2,2,2,2,,0,1,0,0,0,0,0,0,0,0,0,1
Wednesday,21,134,2,2,2,2,,0,1,0,0,0,1,0,0,0,0,1,4
Friday,18,69,2,2,2,2,,0,1,1,0,1,1,0,1,0,0,1,0
Friday,17,124,2,2,51,2,,1,1,0,3,0,0,3,0,2,2,0,3
Monday,11,139,2,2,2,2,,0,1,0,0,0,1,0,1,0,2,1,2
Wednesday,21,48,2,2,2,2,,0,1,0,0,0,0,0,0,0,0,0,0
Monday,6,123,2,2,2,25,,0,1,0,1,0,0,0,0,0,0,0,0
Saturday,16,137,2,91,51,2,,1,1,0,2,1,0,2,0,2,2,0,2
Sunday,23,140,2,2,51,2,,1,1,3,0,3,3,0,2,0,0,3,0
Wednesday,19,99,2,2,2,2,,0,1,0,1,0,0,1,0,0,2,0,3
Sunday,3,72,2,2,2,2,,0,1,0,1,0,0,0,0,0,1,1,0
Sunday,2,118,2,2,2,2,,0,1,0,0,0,0,1,0,0,0,0,2
Tuesday,13,117,2,2,2,2,,0,1,1,0,2,1,0,2,0,0,2,1
Saturday,18,140,2,26,102,8,,1,1,0,0,0,1,0,0,0,0,0,1
Wednesday,7,144,2,2,2,2,,0,1,0,1,0,0,2,0,0,1,0,3
Tuesday,8,50,2,61,2,2,57.0,0,1,0,1,1,0,1,1,1,1,0,1
Saturday,23,19,2,2,2,2,,0,1,0,0,0,0,0,0,0,0,0,0
Tuesday,21,39,2,2,2,2,,0,1,0,0,0,0,0,0,0,0,0,0
Tuesday,5,122,2,2,2,2,,0,1,1,1,1,1,0,1,0,0,1,0
Tuesday,2,39,2,2,2,2,,0,1,0,0,0,0,0,0,0,0,1,0
Friday,6,33,2,2,2,2,,0,1,0,0,0,0,0,0,0,0,0,0
Monday,1,78,2,2,204,2,,1,1,0,0,0,0,0,0,0,0,0,0
Saturday,0,50,2,61,2,2,57.0,0,1,0,0,0,0,0,0,0,0,0,0
Friday,4,140,2,2,2,64,,0,1,0,2,0,0,2,0,0,0,1,2
Saturday,18,64,2,2,102,2,,1,1,0,0,0,0,0,0,0,0,0,0
Tuesday,22,121,2,2,2,2,,0,1,0,2,0,0,1,0,1,1,0,1
Wednesday,16,110,2,2,204,2,,1,1,0,1,0,1,2,0,0,2,0,3
Wednesday,20,79,85,2,2,55,,0,1,0,0,0,0,0,0,0,0,0,0
Wednesday,20,104,85,2,2,56,,0,1,0,0,0,0,0,0,0,0,0,0
Tuesday,19,137,2,2,2,2,,0,1,0,1,0,0,2,1,0,1,2,3
Monday,8,77,2,2,2,2,,1,1,0,0,0,0,0,0,0,0,0,1
Monday,8,113,2,2,2,2,,1,1,0,0,0,0,0,0,0,0,0,0
Sunday,18,32,2,2,2,2,,0,1,0,0,0,0,0,0,0,0,0,0
Monday,3,100,70,2,2,2,,0,1,0,0,0,0,0,0,0,0,0,0
Sunday,2,101,2,2,102,2,,1,1,0,0,0,0,0,0,1,0,0,0
Wednesday,23,101,2,2,102,2,,1,1,0,0,0,0,0,0,1,0,0,0
Thursday,16,122,75,64,2,18,,0,1,0,1,0,0,1,0,0,1,0,1
Thursday,0,19,2,2,2,2,,0,1,0,0,0,0,0,0,0,0,0,0
Thursday,1,116,297,2,2,2,,0,1,0,1,0,0,1,0,1,1,0,1
Friday,6,30,2,2,2,2,,0,1,1,0,0,1,0,1,0,0,1,0
Saturday,4,46,2,2,2,2,,0,1,0,0,0,0,0,0,0,1,0,0
Friday,0,41,2,2,2,2,,0,1,0,0,0,0,0,0,0,0,0,0
Monday,1,132,85,47,2,2,,0,1,0,1,0,0,0,0,1,0,0,1
Monday,1,44,2,2,2,2,,0,1,0,1,0,0,1,0,0,0,0,1
Thursday,14,124,71,38,2,2,,0,1,0,0,0,0,0,0,0,0,1,0
Sunday,1,140,2,2,51,2,,1,1,0,0,0,0,0,1,0,0,1,2
Wednesday,17,115,2,2,2,2,,0,1,1,0,0,1,0,1,1,0,1,0
Wednesday,0,125,2,2,2,2,,0,1,0,1,0,0,1,1,1,0,0,3
Monday,15,146,2,2,2,2,,0,1,0,1,0,0,0,0,0,0,0,0
Sunday,8,77,2,2,2,2,,0,1,1,0,1,1,0,1,0,0,1,0
Friday,2,93,2,2,2,2,,0,1,0,0,0,0,0,0,0,0,0,1
Wednesday,5,142,2,2,51,2,,1,1,0,0,0,0,0,0,0,0,0,1
Sunday,22,45,2,2,2,2,,0,1,0,0,0,0,0,0,0,0,0,0
Thursday,3,104,2,2,2,22,,0,1,0,0,0,1,0,0,0,0,0,0
Saturday,19,123,2,2,2,2,,0,1,0,1,0,0,1,0,1,1,0,1
Thursday,15,126,2,2,2,2,,0,1,0,0,0,0,0,0,0,0,0,1
Friday,1,59,2,2,2,2,,0,1,0,1,0,0,1,0,0,1,0,1
Sunday,20,62,2,2,2,23,,0,1,0,0,0,0,0,0,0,0,0,0
Wednesday,21,39,2,2,2,2,,0,1,0,0,0,0,0,0,0,0,0,0
Sunday,1,66,2,2,2,2,,0,1,0,0,0,0,0,0,1,0,1,0
Saturday,8,34,2,2,51,2,,1,1,0,1,0,0,1,0,1,1,0,1
Tuesday,20,53,2,2,2,2,,0,1,0,0,0,0,0,0,0,0,1,0
Tuesday,14,275,2,2,2,2,,0,1,1,0,0,2,0,0,0,0,2,0
Tuesday,17,259,2,2,2,2,,0,1,1,2,1,1,1,1,2,3,1,5
Tuesday,23,99,2,2,2,2,,0,1,0,1,0,0,1,0,0,2,0,2
Monday,17,271,2,2,2,2,,0,1,2,2,0,1,2,2,1,3,2,3
Sunday,7,119,2,2,51,2,,1,1,0,0,0,0,0,0,0,0,0,1
Monday,14,277,2,2,2,2,,0,1,0,1,0,0,0,0,0,2,0,2
Friday,15,100,2,2,2,2,,0,1,0,1,0,0,1,0,1,1,0,1
Friday,4,146,2,2,2,2,,0,1,0,2,0,0,2,0,2,2,0,3
Wednesday,14,276,2,2,2,2,,0,1,0,0,0,2,0,0,0,0,1,1
Wednesday,23,77,2,2,51,2,,1,1,0,0,0,0,0,0,0,0,0,0
Thursday,9,92,2,2,51,2,,1,1,0,1,0,0,1,0,0,1,0,1
Friday,18,38,2,2,2,2,,0,1,0,0,0,0,0,0,0,0,0,0
Tuesday,1,73,2,2,2,2,62.0,0,1,0,0,0,0,0,0,0,0,0,0
Tuesday,18,145,2,2,2,2,,0,1,0,0,0,0,1,0,0,0,0,1
Wednesday,22,256,2,2,2,2,,0,1,0,0,0,0,0,0,0,0,0,1
Wednesday,3,228,2,2,2,2,,0,1,1,0,1,0,1,0,0,1,2,1
Saturday,2,90,2,2,51,2,,1,1,0,0,0,0,0,0,0,0,0,0
Friday,11,33,2,2,2,2,61.0,0,1,0,0,0,0,0,0,0,0,0,1
Tuesday,15,35,2,2,2,2,,0,1,0,0,0,0,0,0,0,0,0,0
Wednesday,6,119,2,2,2,2,,0,1,0,1,1,1,0,1,0,0,1,1
Thursday,2,280,2,2,2,2,,0,1,0,0,1,1,0,0,0,2,1,1
Thursday,14,218,2,2,2,2,,0,1,0,0,0,0,0,0,1,0,0,1
Tuesday,17,93,2,2,2,2,,0,1,0,1,0,0,0,1,0,0,2,3
Tuesday,6,76,2,2,51,2,,1,1,1,0,0,0,0,0,0,0,0,0
Wednesday,1,94,2,2,2,2,,1,1,0,0,0,0,0,0,0,0,0,0
Tuesday,18,141,2,2,2,34,,1,1,0,1,0,0,0,0,0,0,0,0
Monday,21,106,2,2,2,2,,1,1,0,1,0,0,2,0,0,2,0,2
Sunday,15,273,134,2,2,2,62.0,0,1,4,5,2,2,3,0,3,3,3,4
Sunday,3,45,2,2,51,2,,1,1,0,0,0,0,0,0,0,0,0,0
Thursday,15,40,2,2,2,2,,0,1,0,0,0,0,0,0,0,0,0,0
Wednesday,6,36,2,2,2,2,,0,1,0,0,0,0,0,0,0,0,0,0
Friday,11,284,2,2,2,2,,0,1,0,1,0,0,0,0,0,0,2,0
Tuesday,23,11,2,2,2,2,60.0,0,1,0,0,0,0,0,0,0,0,0,0
Saturday,9,63,2,2,2,2,,0,1,0,0,0,0,0,0,0,0,0,0
Monday,2,283,2,2,2,11,,1,1,1,0,0,1,0,1,0,0,1,0
Monday,16,64,2,2,2,2,,0,1,0,0,0,0,0,0,0,0,0,0
Friday,0,93,2,2,51,2,,1,1,0,0,1,0,0,0,0,0,1,0
Wednesday,13,264,2,2,2,2,,0,1,0,0,0,0,2,0,0,1,0,3
Monday,22,80,2,2,2,2,,0,1,0,0,0,0,0,0,0,0,0,0
Tuesday,3,66,2,2,2,2,,0,1,0,0,0,0,0,0,0,1,0,1
Sunday,17,16,2,2,2,2,61.0,0,1,0,0,0,0,0,0,0,0,0,0
Thursday,14,296,2,2,51,2,,1,1,0,1,0,0,0,0,0,0,0,1
Tuesday,0,47,2,2,2,2,,0,1,0,0,0,0,0,0,0,0,0,0
Monday,10,224,2,2,2,2,,0,1,6,0,3,3,1,3,0,0,5,1
Sunday,19,99,2,2,153,2,,1,1,0,1,0,0,1,0,0,1,0,1
Thursday,13,65,2,2,2,2,,0,1,0,1,0,0,0,0,0,0,0,1
Tuesday,7,81,2,2,2,2,,0,1,2,1,1,1,1,0,1,1,2,2
Monday,16,49,2,2,2,2,,0,1,0,0,0,0,0,0,0,0,0,0
Friday,9,115,2,2,2,2,,0,1,1,0,1,1,0,0,0,0,1,0
Sunday,18,6,2,2,2,2,60.0,0,1,0,0,0,0,0,0,0,0,0,0
Wednesday,1,58,2,2,2,2,62.0,0,1,0,0,0,0,0,1,0,0,1,0
Tuesday,2,274,2,2,2,2,,0,1,0,1,0,2,1,2,2,3,2,1
Sunday,15,111,2,2,2,2,,0,1,0,2,0,0,2,0,0,1,0,3
Wednesday,23,298,74,2,51,2,,1,1,2,2,2,1,0,3,0,1,4,5
Monday,19,144,2,2,2,2,,0,1,2,0,1,1,0,0,0,0,2,1
Thursday,18,92,2,2,2,2,,0,1,0,0,0,0,0,0,0,0,0,0
Friday,0,10,2,2,2,2,56.0,0,1,0,0,1,0,0,0,0,0,1,0
Saturday,23,188,313,2,51,2,,1,1,0,0,0,0,0,0,0,0,0,1
Sunday,0,108,2,2,2,2,,0,1,0,1,0,1,0,0,0,1,1,2
Wednesday,4,102,2,2,51,2,,1,1,1,0,0,0,0,0,0,0,1,0
Thursday,6,300,2,2,153,2,,1,1,0,1,0,0,1,0,0,1,0,1
Tuesday,11,162,67,2,204,2,,1,1,2,1,1,0,0,0,0,0,2,0
Friday,19,162,2,2,2,2,,1,1,0,0,0,0,0,0,0,0,0,1
Tuesday,4,146,2,2,2,2,,0,1,1,1,1,1,0,1,1,0,1,0
Sunday,7,69,2,2,2,2,,0,1,0,0,0,0,0,0,0,0,0,1
Sunday,22,57,2,2,2,2,59.0,0,1,0,0,0,0,0,0,0,0,0,0
Wednesday,16,158,2,2,102,2,,1,1,0,0,0,0,1,1,0,0,2,4
Monday,10,60,2,2,51,2,,1,1,0,0,0,0,0,1,0,0,1,0
Thursday,6,53,2,2,2,2,59.0,0,1,0,0,0,1,0,0,0,0,0,0
Sunday,1,271,2,58,2,2,1.0,0,1,1,3,0,3,3,1,2,3,2,4
Saturday,16,51,2,2,2,2,,0,1,1,0,1,0,0,0,0,0,1,0
Saturday,8,224,2,2,2,53,,1,1,0,0,0,0,0,0,0,2,0,1
Saturday,4,305,2,32,102,36,,1,1,1,1,1,2,1,1,0,1,1,1
Tuesday,12,209,2,2,2,2,,0,1,1,2,1,0,3,1,1,2,1,3
Thursday,14,56,2,2,204,2,,1,1,0,0,0,0,0,0,0,0,0,0
Wednesday,3,80,2,2,2,2,62.0,0,1,0,0,0,0,0,0,0,0,0,1
Monday,21,273,2,2,2,2,,0,1,1,5,0,0,6,0,3,5,0,9
Sunday,3,270,73,26,2,2,,0,1,1,1,1,2,1,1,0,2,2,1
Thursday,13,189,2,2,51,2,,1,1,0,2,0,0,2,0,1,1,0,2
Wednesday,17,60,2,2,2,2,,0,1,0,1,0,0,0,0,0,0,0,0
Tuesday,3,206,64,2,2,32,,1,1,0,0,0,0,0,0,0,1,0,1
Friday,13,71,2,2,2,2,,1,1,0,0,0,0,0,0,0,1,0,1
Friday,11,164,2,2,2,2,,0,1,0,2,0,0,2,1,1,1,1,2
Sunday,23,105,2,2,2,2,,1,1,0,0,0,0,0,0,0,0,1,0
Saturday,5,78,2,2,51,2,,1,1,0,0,0,0,0,0,0,0,0,0
Friday,21,154,2,2,2,2,,0,1,0,0,0,0,0,0,0,0,1,0
Thursday,22,79,2,2,2,10,,0,1,0,0,0,0,0,0,0,0,0,0
Thursday,6,117,2,2,2,2,,0,1,0,0,0,0,0,0,0,0,0,0
Friday,23,142,2,2,51,2,,1,1,0,0,0,1,1,0,0,1,1,1
Sunday,1,265,2,2,2,2,,0,1,0,2,1,3,0,1,0,0,3,1
Wednesday,1,267,2,29,2,2,,0,1,1,3,1,1,2,0,0,4,0,4
Friday,16,104,2,2,63,2,,1,1,0,1,0,0,1,0,1,1,0,1
Tuesday,6,187,2,2,2,2,54.0,0,1,0,1,3,1,1,0,0,1,4,1
Wednesday,23,97,2,2,51,14,,1,1,0,0,0,0,0,0,0,0,0,2
Monday,20,56,2,2,102,2,,1,1,0,0,0,0,0,0,0,0,0,0
Thursday,18,46,2,2,2,2,,0,1,0,1,0,1,1,0,2,1,0,1
Monday,16,99,2,2,2,2,,0,1,0,1,0,0,1,0,1,0,0,1
Sunday,2,280,2,2,2,2,,0,1,1,1,2,1,1,1,1,2,3,2
Saturday,15,272,2,2,2,2,,0,1,0,2,0,0,2,1,1,4,2,4
Thursday,17,119,2,2,2,2,,1,1,0,0,0,0,0,0,0,1,0,1
Friday,6,120,2,2,2,2,60.0,0,1,0,0,0,0,0,0,0,0,1,0
Tuesday,5,172,2,2,2,29,,1,1,0,3,1,0,4,0,2,4,0,4
Tuesday,20,63,2,2,51,2,,1,1,0,0,0,0,0,0,0,0,0,0
Thursday,11,121,2,2,51,2,,1,1,0,0,0,0,1,0,0,1,0,2
Wednesday,2,278,2,2,2,2,,0,1,1,1,4,1,1,3,0,1,4,1
Friday,4,140,88,2,102,46,,1,1,0,0,0,0,0,0,0,0,0,0
Wednesday,17,249,2,2,2,2,,0,1,0,0,0,0,1,0,0,0,0,2
Monday,17,177,2,2,102,2,,1,1,0,1,0,0,1,0,0,1,0,1
Saturday,16,76,2,2,51,2,,1,1,0,0,0,0,0,0,0,0,0,0
Saturday,3,188,2,2,2,2,,1,1,0,1,0,0,0,0,0,1,0,2
Wednesday,1,61,2,2,102,2,,1,1,0,0,0,0,0,0,0,0,0,0
Friday,22,284,58,2,2,2,,0,1,1,0,0,1,0,2,0,1,2,2
Thursday,8,209,2,2,2,2,61.0,0,1,1,1,1,2,0,0,0,1,0,2
Wednesday,21,166,2,2,2,2,,0,1,0,1,0,0,0,0,0,0,0,0
Monday,18,169,2,34,2,16,,1,1,0,1,0,0,1,0,1,1,0,1
Tuesday,23,273,2,2,2,2,,0,1,2,0,2,1,0,1,1,0,4,2
Thursday,17,280,2,2,2,2,,0,1,1,0,1,0,1,2,0,1,3,2
Thursday,7,245,88,2,2,28,,1,1,0,0,0,0,0,0,0,0,0,0
Tuesday,9,108,2,2,2,2,,1,1,0,0,1,0,0,0,0,0,1,0
Tuesday,8,171,88,2,2,12,,1,1,0,0,0,0,0,0,1,0,0,0
Sunday,4,115,2,2,2,2,,0,1,0,0,0,0,1,0,1,0,0,2
Friday,7,291,2,2,2,2,,0,1,0,1,0,0,0,1,0,0,3,2
Wednesday,4,212,2,2,2,2,,0,1,0,0,0,0,1,1,0,2,1,2
Sunday,23,26,2,2,2,2,59.0,0,1,0,0,0,0,1,0,0,1,0,1
Friday,2,232,76,2,153,28,,1,1,0,1,0,0,1,0,1,1,0,1
Monday,12,21,2,2,2,2,,0,1,0,0,0,0,1,0,0,1,0,1
Sunday,18,277,2,2,2,2,,0,1,0,0,0,0,0,0,0,0,0,4
Saturday,23,162,2,2,2,2,,0,1,0,1,0,0,1,0,1,1,0,1
Wednesday,23,305,66,2,2,2,,1,1,1,0,0,1,1,0,1,0,1,1
Monday,15,271,2,2,2,2,,0,1,1,0,0,0,1,2,1,2,1,5
Saturday,12,275,2,2,2,2,,0,1,0,0,1,0,1,1,0,0,2,2
Sunday,18,97,2,2,2,2,,0,1,2,1,0,1,1,1,1,1,1,1
Saturday,19,288,2,2,102,2,,1,1,0,1,0,2,1,1,1,1,2,1
Wednesday,1,89,2,2,2,2,,0,1,0,0,0,0,0,0,0,0,0,0
Friday,4,55,2,2,51,2,,1,1,0,0,0,0,0,0,0,0,0,0
Sunday,21,10,2,2,2,2,51.0,0,1,0,0,0,0,0,0,0,0,0,1
Thursday,16,273,2,2,2,2,,0,1,0,0,0,0,1,0,0,2,0,2
Monday,2,65,2,2,2,2,,1,1,0,0,0,0,0,0,0,0,0,0
Thursday,23,131,2,2,2,2,,0,1,0,0,0,0,0,1,0,0,1,0
Wednesday,17,110,2,2,2,2,,1,1,0,0,0,0,0,0,0,0,0,0
Monday,7,93,2,2,2,2,,0,1,0,0,0,1,0,0,0,0,0,0
Sunday,11,165,2,2,204,2,,1,1,1,0,0,0,0,0,0,1,1,0
Monday,19,80,81,2,204,2,,1,1,0,1,0,0,1,0,0,1,0,1
Wednesday,15,284,91,2,2,2,,0,1,0,0,1,0,0,1,0,0,1,1
Tuesday,19,82,2,2,2,2,59.0,0,1,0,1,0,0,1,0,0,1,0,2
Tuesday,23,57,2,2,2,2,,1,1,0,0,0,0,0,0,0,0,0,0
Friday,17,196,2,2,2,2,,0,1,0,0,1,0,2,0,0,0,1,2
Monday,0,52,2,2,153,2,,1,1,0,0,0,0,0,0,0,0,0,0
Sunday,2,145,2,2,2,2,54.0,0,1,1,1,2,3,0,2,0,0,3,3
Thursday,8,276,2,2,2,2,,0,1,0,3,1,1,2,0,0,2,3,3
Wednesday,15,76,2,2,2,2,,0,1,1,0,0,0,1,0,1,0,0,1
Wednesday,12,277,2,2,2,2,,0,1,0,2,0,0,2,1,1,1,1,2
Monday,16,227,2,2,2,2,,0,1,0,1,0,0,1,0,1,0,0,2
Monday,15,227,2,2,2,2,,1,1,0,1,0,0,0,1,0,0,0,1
Friday,17,304,2,2,51,2,,1,1,0,0,0,0,0,0,0,1,0,2
Tuesday,10,239,2,2,51,15,,1,1,0,3,0,0,2,0,0,0,0,3
Tuesday,22,111,2,2,2,2,,0,1,0,0,0,0,1,0,0,2,0,2
Thursday,22,218,2,2,2,2,59.0,0,1,0,0,0,0,0,0,0,1,0,2
Thursday,2,66,2,2,102,2,,1,1,0,0,0,0,0,0,0,1,0,1
Tuesday,1,100,2,2,2,2,,1,1,0,0,0,0,0,0,1,0,0,0
Thursday,23,97,2,2,2,2,56.0,0,1,1,0,1,1,0,1,0,0,1,0
Sunday,15,302,2,2,2,2,,1,1,1,0,2,2,1,2,0,2,4,2
Friday,17,203,85,2,2,2,,1,1,0,1,0,0,1,0,0,3,0,2
Wednesday,10,159,2,2,2,32,,0,1,0,0,0,0,0,0,0,0,0,1
Wednesday,22,279,2,2,2,2,58.0,0,1,1,2,1,1,2,0,1,1,1,2
Sunday,19,239,2,2,2,2,,0,1,1,2,2,3,1,2,1,3,2,3
Tuesday,19,79,2,2,2,2,,1,1,1,1,1,1,1,0,0,1,1,1
Thursday,14,279,2,2,2,2,,0,1,2,0,2,0,1,2,0,0,3,3
Monday,21,67,2,2,51,2,,1,1,0,1,0,0,1,0,0,1,0,1
Sunday,1,261,2,2,2,2,,0,1,3,0,4,1,0,2,0,0,7,1
Friday,5,164,2,2,51,2,,1,1,0,2,0,0,2,0,0,1,0,3
Thursday,15,207,2,108,2,2,,0,1,1,1,1,2,1,1,1,2,1,3
Saturday,16,272,2,2,2,2,,0,1,0,0,0,0,2,1,0,1,1,2
Wednesday,17,81,2,2,51,2,,1,1,0,0,0,0,0,0,0,0,0,0
Sunday,3,44,2,2,2,2,58.0,0,1,0,0,0,0,0,0,0,0,0,0
Saturday,20,229,2,2,2,2,,0,1,1,0,1,2,2,2,0,0,1,2
Friday,21,105,64,2,51,6,,1,1,0,0,0,0,0,0,0,0,0,1
Wednesday,23,46,2,2,2,2,,1,1,0,1,0,0,1,0,1,1,0,1
Monday,20,260,2,2,2,2,,0,1,0,0,0,0,1,0,0,2,0,3
Wednesday,15,24,2,2,2,2,58.0,0,1,0,0,0,0,0,0,0,0,0,0
Thursday,12,57,2,2,2,2,,0,1,0,0,0,0,0,0,0,0,0,0
Saturday,18,269,274,2,2,2,54.0,0,1,2,1,2,0,1,1,1,1,2,2
Thursday,15,237,2,2,2,2,57.0,0,1,0,1,0,0,1,0,1,1,0,1
Thursday,16,67,2,2,2,2,58.0,0,1,0,0,0,0,0,0,0,1,0,1
Saturday,10,264,75,2,2,23,,0,1,0,0,0,0,0,0,0,0,0,1
Friday,14,139,2,113,51,2,,1,1,0,0,1,0,0,0,1,0,1,0
Wednesday,16,104,72,2,2,2,,1,1,0,0,0,0,0,0,0,0,0,1
Saturday,12,147,2,2,51,2,,1,1,0,0,0,0,0,0,0,1,0,1
Saturday,16,57,2,2,2,2,,0,1,0,0,0,0,0,0,0,0,0,0
Saturday,14,217,2,2,2,20,,0,1,1,0,1,1,1,2,0,1,3,3
Thursday,6,280,164,2,2,15,,0,1,0,0,0,0,0,0,1,0,0,0
Wednesday,4,223,2,2,51,2,,1,1,0,0,0,0,0,0,0,0,0,1
Sunday,7,304,2,2,2,2,,1,1,4,2,1,4,2,3,0,3,4,4
Tuesday,14,167,2,2,2,2,,0,1,0,1,1,1,2,1,1,1,1,2
Tuesday,13,298,2,60,2,23,1.0,0,1,0,0,1,0,0,1,0,0,2,0
Tuesday,12,305,2,60,2,2,1.0,0,1,0,0,1,0,0,1,0,0,1,1
Tuesday,15,268,2,30,2,2,,0,1,1,2,0,1,1,2,1,1,3,2
Saturday,14,218,2,2,2,2,,0,1,0,0,0,2,0,0,0,0,1,0
Friday,17,90,2,2,2,2,,1,1,0,0,0,0,0,0,0,0,0,0
Friday,2,272,2,2,2,2,,0,1,1,3,1,1,3,1,0,2,1,5
Thursday,13,241,2,2,2,17,,0,1,1,0,1,1,0,0,0,0,3,1
Saturday,5,300,2,2,51,2,,1,1,2,1,0,3,1,2,0,0,4,3
Friday,20,34,2,56,2,2,52.0,0,1,0,0,0,0,0,0,0,0,0,1
Tuesday,22,34,2,56,2,2,52.0,0,1,0,0,0,0,0,0,0,0,0,1
Monday,15,152,2,2,2,2,,0,1,0,2,1,0,2,0,1,2,1,3
Wednesday,17,317,81,56,2,2,52.0,0,1,1,0,0,1,0,0,1,3,1,2
Friday,0,90,2,2,2,2,,0,1,0,1,0,0,0,0,0,1,0,3
Thursday,15,180,2,2,2,2,,0,1,0,2,2,1,2,1,0,3,3,3
Thursday,14,244,2,2,51,2,,1,1,0,1,0,0,2,0,2,1,0,4
Tuesday,4,151,2,2,2,2,,1,1,0,0,0,0,0,0,0,0,0,1
Saturday,20,94,2,2,2,2,,0,1,0,0,0,0,0,0,0,0,0,0
Friday,14,123,2,2,2,2,,1,1,0,0,0,0,0,0,0,0,0,0
Friday,1,238,2,2,51,2,,1,1,0,2,0,1,2,0,1,2,2,3
Wednesday,3,69,2,65,2,2,61.0,0,1,0,0,1,0,0,0,0,0,1,0
Tuesday,22,65,2,61,2,2,57.0,0,1,0,0,0,1,0,0,0,0,0,0
Friday,19,271,140,69,2,43,,0,1,1,1,1,1,0,0,0,0,1,1
Saturday,16,99,2,58,2,2,54.0,0,1,0,0,0,0,0,0,0,0,0,1
Wednesday,17,104,2,2,2,21,,1,1,0,1,0,0,0,0,0,0,0,0
Monday,0,272,2,2,2,2,,0,1,0,2,0,1,2,1,1,2,4,2
Sunday,1,72,2,54,2,2,50.0,0,1,0,0,0,0,0,0,0,0,0,0
Thursday,19,96,2,2,2,2,,1,1,0,1,0,0,0,0,0,0,0,0
Thursday,5,279,2,2,2,2,,0,1,1,3,0,1,3,0,1,1,3,4
Sunday,16,68,2,2,2,2,,1,1,0,0,0,0,0,0,0,0,1,0
Thursday,17,96,2,58,2,2,54.0,0,1,0,2,0,0,2,0,1,2,0,2
Friday,15,40,2,2,51,2,,1,1,0,0,0,0,0,0,0,0,0,0
Thursday,15,88,2,2,51,17,,1,1,0,0,0,0,0,0,0,0,0,0
Wednesday,21,56,2,2,2,2,,0,1,0,0,0,0,0,0,0,0,0,0
Monday,15,191,2,2,204,2,,1,1,0,2,1,1,1,0,1,0,1,1
Wednesday,2,59,2,2,63,16,,1,1,0,0,0,0,0,0,0,0,0,0
Sunday,18,136,2,2,2,2,,0,1,0,1,0,0,2,0,0,1,1,2
Monday,20,118,2,2,2,2,,0,1,0,0,0,0,0,0,0,1,0,1
Friday,10,140,2,60,51,2,,1,1,0,0,1,0,0,1,0,1,1,0
Tuesday,14,138,2,2,2,2,,0,1,1,0,0,0,0,0,0,0,0,0
Friday,14,107,2,2,2,2,,0,1,0,0,0,0,0,0,0,0,0,1
Sunday,23,129,2,2,2,2,,0,1,1,0,0,0,0,0,0,0,1,2
Monday,9,86,2,96,2,2,,0,1,0,0,0,0,0,0,0,0,0,0
Monday,0,83,2,28,2,2,,0,1,0,0,0,0,0,0,0,0,0,0
Wednesday,17,85,2,2,2,2,,0,1,0,0,0,0,1,0,0,1,0,1
Thursday,18,109,2,2,2,2,,0,1,2,1,1,2,0,1,0,0,2,1
Monday,5,49,2,63,2,2,59.0,0,1,0,0,0,0,0,0,0,0,0,0
Friday,12,113,2,2,2,2,,0,1,0,0,0,0,0,0,0,0,0,1
Wednesday,20,140,2,2,2,2,,0,1,0,1,0,0,2,0,2,3,0,5
Saturday,17,113,2,60,2,2,56.0,0,1,0,0,0,0,1,0,0,1,0,1
Monday,23,153,2,65,2,2,1.0,0,1,0,2,0,0,1,0,0,2,0,3
Saturday,16,148,2,2,2,2,,0,1,1,1,0,2,1,0,0,2,3,3
Friday,5,166,2,2,51,2,,1,1,0,0,0,0,1,0,0,2,0,1
Tuesday,3,166,2,2,51,2,,1,1,0,0,0,0,1,0,0,2,0,1
Saturday,16,60,2,2,2,2,,0,1,0,0,0,0,0,0,0,0,0,0
Friday,23,48,2,2,2,2,,1,1,0,0,0,0,0,0,0,0,0,0
Friday,19,147,2,2,51,2,,1,1,0,1,0,0,0,0,0,0,0,0
Monday,21,75,2,62,2,2,1.0,0,1,2,0,2,2,0,2,0,0,2,0
Monday,19,122,2,2,51,17,,1,1,0,1,0,0,1,0,1,1,0,1
Wednesday,4,80,2,2,2,2,,0,1,0,0,0,0,0,0,0,0,0,0
Wednesday,1,135,74,2,51,2,,1,1,1,0,0,0,0,2,0,0,2,0
Tuesday,23,144,2,2,51,27,,1,1,0,0,0,0,0,0,0,0,0,0
Wednesday,12,140,2,2,2,2,,0,1,2,1,2,2,0,3,0,1,2,1
Saturday,19,51,2,2,63,2,,1,1,0,0,0,0,0,0,0,0,0,1
Friday,14,133,2,2,2,2,,0,1,1,1,1,0,1,0,1,1,1,1
Friday,3,81,2,2,2,16,,1,1,0,0,0,0,0,0,0,0,0,0
Friday,6,144,2,2,2,2,,0,1,0,1,0,0,1,0,0,1,0,1
Monday,23,165,2,2,51,2,,1,1,0,1,0,0,0,0,0,0,1,0
Thursday,18,165,2,62,2,2,58.0,0,1,0,1,0,0,2,0,0,1,1,2
Monday,15,66,2,60,2,2,56.0,0,1,0,0,0,0,0,0,0,0,0,0
Sunday,18,30,2,2,63,2,,1,1,0,0,0,0,0,0,0,0,0,0
Sunday,5,85,2,2,51,2,,1,1,0,0,0,0,0,0,0,0,0,1
Monday,20,138,2,2,2,2,,0,1,0,0,0,1,2,0,0,2,1,3
Thursday,21,94,2,2,2,46,,0,1,1,1,0,0,1,1,1,1,1,1
Tuesday,2,135,2,2,2,2,,0,1,0,1,0,0,1,1,0,1,1,3
Wednesday,21,109,2,2,2,12,,0,1,0,0,0,0,0,0,0,0,0,0
Friday,16,140,2,2,2,2,,0,1,1,0,1,1,1,1,1,0,1,2
Wednesday,19,106,2,2,2,2,,0,1,0,0,0,0,0,0,0,0,0,0
Friday,3,25,2,2,2,2,,0,1,0,0,0,0,0,0,0,0,0,0
Tuesday,13,162,2,2,51,81,,1,1,0,2,0,0,1,0,1,1,0,1
Wednesday,14,122,2,2,2,14,,1,1,0,0,0,0,0,0,0,0,0,1
Wednesday,22,134,2,2,2,2,,0,1,0,0,0,0,0,0,0,1,0,0
Wednesday,19,55,2,2,51,13,,1,1,0,0,0,0,0,0,0,0,0,0
Monday,15,133,2,2,2,2,,0,1,1,1,1,0,1,0,1,1,1,1
Sunday,12,114,2,2,2,2,,0,1,0,0,0,0,0,0,0,0,0,1
Monday,20,133,2,2,2,15,,0,1,0,0,0,0,0,0,0,0,0,0
Wednesday,16,162,2,2,51,2,,1,1,0,0,0,1,0,0,0,0,1,0
Monday,13,133,2,2,2,2,,0,1,0,0,0,0,0,0,0,0,0,0
Monday,2,140,2,2,2,2,,0,1,1,0,1,1,0,1,1,0,1,0
Wednesday,9,126,2,61,2,2,57.0,0,1,0,0,0,0,1,0,1,1,0,1
Thursday,18,45,2,60,2,2,56.0,0,1,0,0,0,0,0,0,0,0,0,0
Wednesday,5,141,173,2,51,9,,1,1,1,0,1,1,0,1,0,0,1,0
Tuesday,5,117,2,44,2,2,,0,1,1,0,1,1,0,1,0,0,1,1
Monday,4,96,70,26,2,7,,0,1,0,1,0,0,0,0,0,0,0,0
Monday,4,141,129,2,51,8,,1,1,0,1,0,0,0,0,0,1,0,0
Sunday,21,73,56,2,51,8,,1,1,0,0,0,0,0,0,0,0,0,0
Thursday,3,55,2,2,2,2,,0,1,0,0,0,0,0,0,0,0,0,0
Thursday,1,134,2,2,2,2,,0,1,0,1,0,0,1,0,0,1,0,3
Saturday,15,78,2,2,2,2,,0,1,0,0,0,0,0,0,0,0,0,0
Sunday,16,137,2,2,2,2,,0,1,1,1,1,0,1,0,1,1,1,1
Monday,22,77,2,33,2,2,,0,1,1,0,0,0,0,0,1,0,0,0
Wednesday,13,21,2,2,2,2,,0,1,0,1,0,0,1,0,1,1,0,1
Saturday,4,132,70,2,51,2,,1,1,0,0,0,0,0,0,0,0,0,0
Thursday,18,100,2,2,51,2,,1,1,0,0,0,0,0,0,0,0,0,0
Thursday,6,104,2,2,2,18,,1,1,0,0,0,0,0,0,0,0,0,0
Thursday,11,113,2,33,2,2,,0,1,0,0,1,0,0,0,0,0,1,0
Thursday,12,114,2,2,2,2,,0,1,0,0,0,0,0,0,0,0,0,1
Wednesday,0,139,152,94,2,9,,0,1,0,1,0,0,0,0,0,1,0,0
Friday,22,54,2,2,2,2,,0,1,0,2,0,0,1,0,1,1,0,1
Saturday,16,148,2,2,2,2,,0,1,1,1,0,2,1,0,0,2,3,3
Friday,21,103,2,2,2,2,,0,1,0,0,0,2,0,0,1,0,1,0
Sunday,8,56,2,2,2,2,,0,1,0,0,0,0,0,0,0,0,0,0
Friday,20,140,2,2,2,2,,0,1,1,0,1,1,1,1,1,0,1,2
Wednesday,20,60,2,2,51,2,,1,1,0,0,0,0,0,0,0,0,0,0
Friday,14,71,2,2,2,2,,0,1,1,0,1,0,0,0,0,0,1,0
Thursday,3,60,2,2,51,2,,1,1,0,0,0,0,0,0,0,0,0,0
Sunday,16,139,2,2,2,2,,0,1,1,2,1,1,1,1,1,1,1,1
Friday,14,122,2,2,2,2,,0,1,0,1,0,1,1,0,1,1,1,2
Thursday,9,5,2,2,2,2,,0,1,0,0,0,0,0,0,0,0,0,0
Wednesday,3,50,2,2,2,2,,0,1,0,0,0,0,0,0,0,0,0,2
Tuesday,18,124,71,2,153,2,,1,1,0,0,0,0,0,0,0,1,0,0
Sunday,5,112,2,2,63,2,,1,1,0,1,0,0,1,0,1,1,0,1
Saturday,14,56,2,2,2,2,,0,1,1,1,1,0,1,0,0,1,1,1
Wednesday,21,136,2,2,2,2,,0,1,1,0,0,0,0,1,0,0,1,0
Wednesday,4,133,2,2,2,2,,0,1,0,0,0,0,0,0,0,0,0,3
Wednesday,3,144,2,2,2,2,,0,1,1,1,1,1,2,2,0,1,1,2
Wednesday,3,83,2,2,2,2,,0,1,0,2,0,0,1,0,1,1,0,2
Saturday,17,36,2,2,2,2,,0,1,0,0,0,0,0,0,0,0,0,0
Saturday,16,138,2,2,2,2,,0,1,0,0,0,1,2,0,0,2,1,3
Saturday,14,70,136,2,2,2,,0,1,0,1,0,0,0,1,0,0,0,0
Wednesday,19,58,2,2,2,2,,0,1,0,0,0,0,0,0,0,0,0,0
Saturday,16,144,2,2,2,2,,0,1,0,0,0,1,0,0,0,0,1,1
Friday,0,18,2,2,2,2,,0,1,1,0,1,0,0,0,0,0,1,0
Monday,4,81,2,2,2,2,,0,1,0,0,0,0,0,0,0,0,0,0
Wednesday,18,94,2,2,2,30,,1,1,0,0,0,0,0,0,0,0,0,0
Sunday,19,61,2,2,2,2,,0,1,0,0,1,0,0,1,0,0,1,0
Thursday,18,139,2,2,2,2,,0,1,0,0,0,0,0,0,0,1,0,0
Wednesday,14,139,66,2,2,12,,0,1,1,1,0,0,1,0,0,2,1,2
Monday,3,140,2,2,2,20,,0,1,0,0,0,0,0,0,0,0,0,0
Friday,16,140,2,2,2,2,,0,1,1,0,1,1,1,1,1,0,1,2
Saturday,20,52,2,2,2,2,,0,1,0,0,0,1,0,0,0,0,1,0
Saturday,3,36,73,2,2,2,,0,1,0,0,0,0,0,0,0,0,0,0
Saturday,16,121,2,2,2,2,,0,1,0,0,0,0,0,0,0,0,0,0
Wednesday,6,41,2,2,2,2,,0,1,0,0,0,0,1,0,0,0,0,1
Tuesday,4,140,2,2,2,2,,0,1,2,1,1,1,2,2,1,4,1,2
Monday,22,72,2,33,2,2,,0,1,1,0,1,1,0,1,0,0,1,0
Monday,21,111,2,2,204,2,,1,1,0,0,0,1,0,0,0,0,0,0
Monday,14,140,85,25,51,2,,1,1,2,1,1,1,1,1,1,1,1,1
Sunday,16,144,2,2,51,2,,1,1,0,0,0,1,1,0,1,0,1,2
Saturday,19,77,2,2,51,2,,1,1,0,0,1,1,2,0,0,1,1,2
Monday,3,22,2,2,2,2,,0,1,0,0,0,0,1,0,0,0,0,1
Thursday,23,128,2,2,2,2,,0,1,1,0,1,0,0,0,0,0,1,0
Tuesday,20,141,73,59,2,2,55.0,0,1,0,1,0,1,0,0,0,0,1,1
Tuesday,11,89,2,2,2,11,,0,1,0,1,0,0,0,1,0,0,1,1
Friday,1,45,62,2,2,2,,0,1,0,1,0,0,0,0,0,0,0,0
Thursday,20,28,2,2,2,2,,0,1,0,0,0,0,0,0,0,0,0,0
Thursday,15,132,2,2,2,2,,0,1,0,0,0,1,1,0,0,1,1,2
Thursday,22,106,71,39,2,2,,0,1,0,0,0,1,1,0,0,1,1,2
Monday,13,38,2,73,2,2,,0,1,0,0,0,0,0,0,0,0,0,0
Monday,22,21,2,2,2,2,,0,1,0,0,0,0,0,0,0,0,0,0
Saturday,23,81,2,2,2,2,,0,1,0,0,0,0,0,0,0,0,0,0
Sunday,23,48,2,69,2,2,,0,1,0,0,0,0,0,0,0,0,0,0
Sunday,19,44,2,2,51,2,,1,1,0,0,0,0,0,0,0,0,0,0
Sunday,9,24,2,2,2,2,,0,1,0,0,0,0,0,0,0,0,0,0
Friday,3,6,2,2,2,2,,0,1,0,0,0,0,0,0,0,0,0,0
Monday,23,74,74,2,51,2,,1,1,0,0,0,0,0,0,0,0,0,0
Wednesday,4,68,2,2,2,2,,0,1,1,0,0,0,0,0,0,0,0,0
Tuesday,21,71,2,2,102,18,,1,1,0,0,0,0,0,0,0,0,0,0
Tuesday,4,138,2,2,2,2,,0,1,2,2,0,2,2,0,0,2,0,3
Sunday,17,129,2,2,51,20,,1,1,0,1,0,0,1,0,1,1,1,1
Wednesday,2,104,2,2,2,2,,0,1,0,0,0,1,1,0,0,1,1,1
Thursday,23,51,2,2,2,2,,0,1,0,0,0,0,0,0,0,0,0,0
Sunday,2,31,2,2,2,2,,0,1,0,0,0,0,0,0,0,0,0,0
Saturday,16,140,2,2,2,2,,0,1,1,0,0,0,0,0,0,0,2,1
Thursday,2,53,2,2,2,2,,0,1,0,0,0,0,1,0,0,1,0,1
Wednesday,1,5,2,2,2,2,,0,1,0,0,0,0,0,0,0,0,0,0
Thursday,5,56,2,2,2,2,,0,1,0,0,0,0,0,0,0,0,0,0
Wednesday,4,41,2,2,2,2,,0,1,0,1,0,0,2,0,0,2,0,2
Monday,13,70,2,2,51,2,,1,1,0,0,0,0,0,0,0,0,0,0
Saturday,15,144,2,2,2,2,,0,1,1,1,0,2,1,0,0,2,3,3
Wednesday,19,101,2,2,2,2,,0,1,0,1,0,0,0,0,0,0,1,0
Sunday,0,115,2,2,51,10,,1,1,0,0,1,0,1,0,0,0,1,1
Friday,1,81,2,2,2,2,,0,1,0,0,0,0,0,0,0,0,0,0
Wednesday,21,51,2,39,2,2,,0,1,0,0,0,0,0,0,0,0,0,0
Saturday,3,88,2,39,2,2,,0,1,0,0,0,1,0,0,0,0,0,0
Thursday,19,80,2,2,2,2,,0,1,0,0,0,0,0,0,0,1,0,1
Wednesday,11,78,2,39,2,2,,0,1,0,0,0,0,0,0,0,0,0,1
Sunday,20,128,2,2,2,2,,0,1,0,1,0,0,1,0,1,1,1,3
Friday,18,36,2,2,2,2,,0,1,0,0,0,0,0,0,0,0,0,1
Thursday,19,56,2,2,51,2,,1,1,0,0,0,0,0,0,0,0,0,0
Wednesday,15,122,2,2,2,2,,0,1,0,1,0,1,1,0,1,1,1,2
Wednesday,19,42,2,2,2,2,,0,1,0,0,0,0,0,0,0,0,0,0
Thursday,16,49,2,2,51,2,,1,1,0,0,0,0,0,0,0,0,0,0
Saturday,6,55,2,2,51,2,,1,1,0,0,0,0,0,0,0,0,0,0
Friday,14,140,2,2,2,2,,0,1,1,0,1,1,1,1,1,0,1,2
Friday,11,27,2,2,2,2,,0,1,0,0,0,0,1,0,0,1,0,2
Thursday,15,29,2,2,2,2,,0,1,0,1,0,1,1,0,1,1,0,1
Thursday,13,57,2,2,51,2,,1,1,0,0,0,0,0,0,0,0,0,0
