weekday,hour,tweet_length,mentions_count,urls_count,photos_count,hashtags_count,quote_url,video,retweets_count,anger,anticipation,disgust,fear,joy,sadness,surprise,trust,negative,positive
Monday,23,85,0,0,0,0,0,0,0,0,2,0,0,0,0,0,0,0,0
Monday,22,160,2,1,0,0,0,0,0,0,0,0,0,0,0,0,0,0,0
Monday,21,126,0,0,0,0,0,0,0,0,2,0,0,3,0,2,2,0,3
Monday,20,47,0,0,0,0,0,0,0,0,0,0,0,0,0,0,0,0,0
Monday,19,30,0,0,0,0,0,0,0,0,0,0,0,0,0,0,0,0,0
Monday,14,277,0,0,0,0,0,0,0,2,2,0,0,6,0,1,7,1,7
Monday,13,66,0,0,0,0,0,0,0,0,0,0,0,0,0,0,0,1,1
Monday,3,27,0,0,0,0,0,0,0,0,0,0,0,0,0,0,0,0,0
Monday,2,85,0,0,0,0,0,0,0,0,0,0,0,0,0,0,0,0,0
Monday,2,123,1,0,1,1,0,1,0,0,0,0,0,0,0,0,0,0,1
Monday,1,74,0,0,1,0,0,1,0,0,0,0,0,0,0,0,0,0,0
Sunday,23,253,0,1,2,0,0,1,0,0,1,0,0,2,1,2,2,2,4
Sunday,23,252,0,1,2,0,0,1,0,0,0,0,0,1,0,0,0,0,1
Sunday,23,163,0,1,1,0,0,1,0,0,0,0,0,0,0,0,0,0,1
Sunday,22,97,0,0,1,0,0,1,0,0,0,0,0,0,0,0,0,0,0
Sunday,22,95,0,0,1,0,0,1,0,0,0,0,0,1,0,0,0,0,1
Sunday,22,255,0,0,0,0,0,0,0,0,0,0,0,2,0,0,0,0,2
Sunday,22,244,0,0,0,0,0,0,0,0,2,0,0,3,0,1,3,0,6
Sunday,21,303,0,0,1,1,0,1,0,2,0,2,2,0,2,0,1,3,1
Sunday,20,146,0,1,0,0,0,0,0,1,0,0,0,0,0,0,0,1,1
Sunday,17,303,0,0,1,0,0,1,0,1,2,1,0,3,0,0,2,1,3
Sunday,16,82,0,0,0,0,0,0,0,0,0,0,1,0,0,0,0,0,2
Sunday,15,23,0,0,0,0,0,0,0,1,0,1,0,0,0,0,0,1,0
Sunday,12,149,0,0,0,0,0,0,0,0,0,0,0,0,0,0,0,1,0
Sunday,7,203,0,0,1,0,0,1,0,1,0,0,0,3,0,0,2,0,3
Sunday,3,100,0,1,0,0,0,0,0,0,0,0,0,0,0,0,0,0,1
Sunday,3,136,0,0,2,0,0,1,0,0,1,0,1,2,0,1,1,0,2
Sunday,0,90,0,0,0,0,0,0,0,0,1,0,0,1,0,1,1,0,1
Sunday,0,164,0,1,1,0,0,1,0,0,0,0,0,0,0,0,0,0,1
Saturday,23,200,0,0,0,0,0,0,0,0,1,0,1,1,0,2,1,0,1
Saturday,22,95,0,0,0,0,0,0,0,0,0,0,0,0,0,0,0,0,0
Saturday,21,82,0,0,0,0,0,0,0,0,0,0,0,1,0,0,0,0,1
Saturday,21,86,0,0,0,0,0,0,0,0,0,0,0,0,0,0,0,1,1
Saturday,21,101,0,1,0,0,0,0,0,0,1,0,0,1,1,0,1,1,1
Saturday,20,245,0,0,0,0,0,0,0,0,1,0,0,1,0,0,1,0,1
Saturday,19,233,0,1,1,0,0,1,0,0,1,0,0,0,0,0,0,0,3
Saturday,2,174,0,0,0,0,0,0,0,0,0,0,0,0,0,0,0,0,1
Saturday,0,94,0,0,0,1,0,0,0,0,0,0,0,1,0,0,1,0,2
Saturday,0,125,0,0,0,2,0,0,0,0,2,0,0,0,0,0,0,0,1
Saturday,0,182,0,0,1,1,0,1,0,0,0,0,0,1,0,0,0,0,2
Friday,23,200,0,1,0,5,0,0,0,0,0,1,0,0,1,0,0,1,0
Friday,23,65,0,0,0,0,0,0,0,0,0,0,0,0,0,0,0,0,0
Friday,22,139,0,0,0,0,0,0,0,1,0,1,1,0,2,0,0,2,1
Friday,21,183,0,0,0,0,0,0,0,1,1,1,2,1,1,1,1,1,3
Friday,21,65,0,0,0,0,0,0,0,2,0,1,1,0,1,1,0,2,0
Friday,21,253,0,1,2,0,0,1,0,0,1,0,0,2,1,2,2,2,4
Friday,21,252,0,1,2,0,0,1,0,0,0,0,0,1,0,0,0,0,1
Friday,21,163,0,1,1,0,0,1,0,0,0,0,0,0,0,0,0,0,1
Friday,18,131,0,0,0,0,0,0,0,0,0,0,0,3,0,0,2,0,3
Friday,17,58,0,1,0,0,0,0,0,0,1,0,0,0,0,0,1,0,1
Friday,7,69,0,1,0,0,0,0,0,0,0,0,0,0,0,0,0,0,0
Friday,5,91,0,0,0,0,0,0,0,0,1,1,0,1,0,0,1,2,2
Friday,5,80,0,0,0,0,0,0,0,0,0,0,0,0,0,0,1,0,1
Friday,4,83,0,1,1,0,0,1,0,0,0,0,0,0,0,0,0,0,0
Friday,4,50,0,0,1,0,0,1,0,0,0,0,0,0,0,0,0,0,0
Friday,3,44,0,0,0,0,0,0,0,1,1,1,0,1,0,1,1,1,1
Friday,2,85,0,0,1,0,0,1,0,1,0,0,0,0,0,0,0,1,0
Friday,2,150,0,0,0,0,0,0,0,0,0,0,0,1,0,0,1,1,2
Friday,2,112,0,1,0,1,0,0,0,0,0,0,1,0,0,0,1,0,0
Friday,2,159,0,0,0,0,0,0,0,0,0,1,0,0,0,0,0,1,0
Friday,1,84,0,1,0,0,0,0,0,0,0,0,0,0,0,0,0,0,0
Friday,0,221,0,0,0,0,0,0,0,0,0,0,0,0,0,0,0,0,0
Thursday,22,192,0,0,0,0,0,0,0,0,0,1,2,0,0,0,0,2,1
Thursday,7,118,0,0,0,2,0,0,0,0,1,0,0,2,0,0,2,0,2
Thursday,6,63,0,0,0,0,0,0,0,0,0,0,0,0,0,0,0,0,0
Thursday,3,174,0,1,0,0,0,0,0,0,0,0,0,1,1,0,0,1,3
Thursday,3,295,0,0,1,0,0,1,0,1,0,1,1,0,1,0,1,1,2
Thursday,3,75,0,0,0,0,0,0,0,0,1,0,0,1,0,1,1,0,1
Thursday,3,69,0,0,0,0,0,0,0,1,0,0,0,0,0,0,0,0,1
Thursday,2,97,0,0,0,0,0,0,0,0,0,0,0,1,0,0,0,0,2
Thursday,2,135,0,0,0,0,0,0,0,0,1,0,0,0,0,0,1,0,1
Thursday,2,242,0,1,1,3,0,1,0,0,0,0,0,0,1,0,0,1,0
Thursday,1,78,0,1,0,0,0,0,0,0,0,0,0,0,0,0,0,0,0
Thursday,0,74,0,1,0,0,0,0,0,0,0,0,0,0,0,0,0,0,0
Thursday,0,231,0,1,1,0,0,1,0,0,0,0,0,0,1,0,0,1,0
Wednesday,23,83,0,0,0,0,0,0,0,1,0,1,1,0,1,0,0,2,0
Wednesday,23,163,0,1,1,0,0,1,0,0,0,0,0,0,0,0,0,0,1
Wednesday,23,74,0,1,0,0,0,0,0,0,0,0,0,0,0,0,0,0,0
Wednesday,22,252,0,1,0,0,0,0,0,0,0,0,0,1,0,0,1,0,3
Wednesday,21,91,0,0,0,0,0,0,0,0,0,0,0,0,0,0,0,0,0
Wednesday,21,138,0,1,0,0,0,0,0,0,0,0,0,0,0,0,0,0,1
Wednesday,20,49,0,0,0,0,0,0,0,0,0,0,0,0,0,0,0,0,0
Wednesday,19,107,0,0,0,0,0,0,0,0,1,0,0,1,0,1,1,0,1
Wednesday,19,170,0,0,0,0,0,0,0,1,0,0,1,2,0,0,0,1,3
Wednesday,18,148,0,0,0,0,0,0,0,0,0,0,0,1,0,0,1,0,2
Wednesday,18,272,0,0,0,0,0,0,0,1,3,1,1,3,1,2,3,2,6
Wednesday,18,220,0,0,0,0,0,0,0,0,0,0,0,0,0,0,0,0,0
Wednesday,17,223,0,0,1,4,0,1,0,0,0,0,0,0,0,0,0,0,1
Wednesday,10,116,0,0,0,0,0,0,0,0,0,0,1,0,0,0,0,1,0
Wednesday,4,56,0,0,0,0,0,0,0,0,0,0,0,0,0,0,0,0,0
Wednesday,3,162,0,0,1,0,0,1,0,0,0,0,1,0,0,0,0,0,0
Wednesday,2,47,0,0,0,0,0,0,0,0,0,0,0,0,0,0,0,0,0
Wednesday,2,180,0,0,2,0,0,1,0,0,2,1,0,2,0,1,2,1,2
Wednesday,1,120,0,0,0,0,0,0,0,0,0,0,0,0,1,0,0,2,0
Wednesday,0,57,0,0,1,0,0,1,0,0,0,0,0,0,0,0,0,0,0
Wednesday,0,144,0,0,0,0,1,0,0,0,0,0,0,1,0,0,1,0,1
Tuesday,23,102,0,0,1,1,0,1,0,0,0,0,0,0,0,0,0,0,0
Tuesday,23,118,0,0,0,0,0,0,0,0,0,0,0,0,0,0,1,0,1
Tuesday,23,107,0,0,1,0,0,1,0,0,1,0,0,0,0,0,1,0,2
Tuesday,22,67,0,1,0,0,0,0,0,0,0,0,0,0,0,0,0,0,0
Tuesday,21,255,0,0,0,0,0,0,0,0,1,1,1,1,1,1,1,2,3
Tuesday,21,121,0,1,0,0,0,1,0,0,0,0,0,0,0,0,0,0,0
Tuesday,20,151,0,0,0,0,0,0,0,1,1,0,1,2,1,0,2,1,2
Tuesday,20,96,0,0,0,0,0,0,0,0,0,0,0,0,0,0,0,0,0
Tuesday,20,190,0,1,1,2,0,1,0,0,0,0,0,0,1,0,0,0,3
Tuesday,20,117,0,0,1,0,0,1,0,0,0,0,0,0,0,0,0,0,0
Tuesday,18,56,0,0,0,0,0,0,0,0,0,0,0,0,0,0,0,0,0
Tuesday,10,134,0,0,0,0,0,0,0,0,0,0,0,1,0,0,1,0,1
Tuesday,5,70,0,0,1,0,0,1,0,0,0,0,1,0,0,0,0,0,0
Tuesday,3,154,0,0,1,0,0,1,0,1,1,1,1,1,1,1,1,2,1
Tuesday,2,259,0,0,1,0,0,1,0,0,1,0,0,2,0,1,1,0,2
Tuesday,1,250,0,0,0,0,0,0,0,1,0,0,0,2,0,0,1,1,2
Tuesday,1,72,0,0,0,0,0,0,0,0,0,0,0,0,0,0,0,0,1
Tuesday,1,232,0,1,0,0,0,0,0,0,1,0,0,1,0,1,1,0,1
Tuesday,1,80,0,1,0,0,0,0,0,0,0,0,0,0,0,0,0,0,0
Tuesday,1,200,0,1,0,2,0,0,0,0,1,0,0,1,0,0,3,1,2
Tuesday,0,63,0,0,0,0,0,0,0,0,0,0,0,0,0,0,0,0,0
Tuesday,0,36,0,0,0,0,0,0,0,0,0,0,0,1,0,0,0,0,1
Tuesday,0,150,0,1,0,5,0,0,0,0,0,0,0,0,0,0,0,0,1
Tuesday,0,131,0,0,0,0,0,0,0,0,2,0,1,2,0,1,1,0,3
Tuesday,0,308,0,0,1,1,0,1,0,1,0,0,1,1,0,1,1,2,1
Monday,21,313,1,0,1,0,0,1,0,1,3,0,1,3,1,2,3,2,5
Monday,20,118,0,0,0,0,0,0,0,0,0,0,0,0,0,0,0,0,0
Monday,20,114,0,1,1,2,0,1,0,0,0,0,0,0,0,0,0,0,0
Monday,19,150,0,0,1,0,0,1,0,0,0,0,0,0,0,0,0,0,0
Monday,14,66,0,0,0,0,0,0,0,1,0,0,0,0,0,0,0,0,0
Monday,5,260,0,0,0,0,0,0,0,0,0,0,0,1,0,0,1,1,1
Monday,5,134,0,0,0,0,0,0,0,0,2,0,0,1,0,1,2,0,2
Monday,4,197,0,0,0,0,0,0,0,0,0,1,0,0,1,0,0,0,2
Monday,4,177,0,0,1,0,0,1,0,0,0,0,0,0,0,0,0,0,2
Monday,3,150,0,0,2,0,0,1,0,0,0,0,1,1,0,0,0,0,1
Monday,2,88,0,0,1,0,0,1,0,0,0,0,0,0,0,0,0,0,1
Monday,0,96,0,1,0,0,0,0,0,0,1,0,0,1,1,1,1,0,1
Monday,0,289,1,0,0,0,0,0,0,0,0,0,0,0,0,0,0,0,1
Sunday,23,53,0,0,0,0,0,0,0,0,0,0,0,0,0,0,0,0,2
Sunday,23,77,0,0,0,0,0,0,0,0,1,0,0,0,0,0,0,0,1
Sunday,22,252,0,1,2,0,0,1,0,0,0,0,0,1,0,0,0,0,1
Sunday,22,253,0,1,2,0,0,1,0,0,1,0,0,2,1,2,2,2,4
Sunday,22,240,0,0,0,0,0,0,0,2,1,1,1,1,0,1,1,2,1
Sunday,22,55,0,0,0,0,0,0,0,0,0,0,1,0,0,0,0,0,0
Sunday,21,65,0,0,2,0,0,1,0,0,0,0,0,0,0,0,0,0,0
Sunday,21,116,0,0,0,0,0,0,0,0,0,0,2,0,0,0,0,1,0
Sunday,21,136,0,1,0,0,0,0,0,0,0,0,1,0,0,0,0,0,1
Sunday,21,283,0,1,1,1,0,1,0,0,1,0,1,0,0,0,1,1,0
Sunday,21,58,0,0,0,0,0,0,0,0,0,0,0,1,0,0,1,0,1
Sunday,20,175,0,1,1,2,0,1,0,0,0,0,0,0,0,0,0,0,0
Sunday,20,178,0,0,0,2,0,0,0,0,1,0,0,1,0,0,0,0,3
Sunday,20,48,0,0,0,0,0,0,0,0,0,0,0,0,0,0,0,0,1
Sunday,19,125,0,0,1,0,0,1,0,0,1,0,0,1,0,1,1,0,2
Sunday,17,198,0,2,0,0,0,0,0,0,0,0,1,2,0,0,2,1,2
Sunday,17,127,0,2,0,0,0,0,0,0,0,0,0,0,0,0,0,0,0
Sunday,15,276,0,0,0,0,0,0,0,0,1,0,0,2,0,1,2,0,3
Sunday,15,159,0,0,0,0,0,0,0,0,1,0,0,0,0,0,0,1,0
Sunday,12,113,0,0,0,0,0,0,0,0,0,0,1,0,0,0,0,1,0
Sunday,3,47,0,0,1,0,0,1,0,0,0,0,0,0,0,0,0,0,0
Sunday,3,235,0,0,0,0,0,0,0,0,0,0,0,0,0,0,0,0,1
Sunday,2,122,0,0,1,0,0,1,0,0,0,0,0,0,0,0,0,0,2
Sunday,1,75,0,0,0,0,0,0,0,0,1,0,0,0,0,0,0,0,0
Saturday,23,197,0,0,1,4,0,1,0,0,0,0,0,0,0,0,0,0,0
Saturday,23,228,0,1,0,0,0,0,0,0,1,0,0,2,1,2,2,2,4
Saturday,22,230,0,0,0,0,0,0,0,0,0,0,0,1,0,0,2,0,3
Saturday,22,228,0,0,0,0,0,0,0,1,1,0,1,0,1,0,0,5,0
Saturday,20,255,0,0,0,0,0,0,0,2,0,1,1,0,0,0,1,2,0
Saturday,19,145,0,1,1,0,0,1,0,0,0,0,0,0,0,0,0,0,1
Saturday,15,59,0,0,0,0,0,0,0,1,0,0,0,0,0,0,0,1,0
Saturday,6,121,0,0,0,0,0,0,0,0,0,0,1,0,0,0,0,1,0
Saturday,1,120,0,0,0,0,0,0,0,0,0,0,1,0,0,0,0,0,1
Saturday,0,58,0,0,0,0,0,0,0,0,0,0,0,0,0,0,0,0,0
Saturday,0,104,0,0,1,0,0,1,0,0,0,0,0,0,0,0,0,0,0
Friday,23,85,0,0,0,0,0,0,0,0,0,0,0,0,0,1,0,1,0
Friday,19,34,0,0,0,0,0,0,0,0,0,0,0,0,0,0,0,0,0
Friday,15,266,0,1,1,3,0,1,0,0,0,0,0,0,0,0,0,0,4
Friday,14,102,0,0,0,0,0,0,0,0,0,0,0,0,0,0,0,0,0
Friday,14,271,0,0,1,2,0,1,0,0,1,0,0,1,0,0,1,0,1
Friday,13,281,0,0,1,0,0,1,0,2,2,3,2,2,2,1,2,3,2
Friday,10,177,0,0,0,0,0,0,0,1,2,0,0,2,0,1,1,0,2
Friday,10,143,1,0,2,3,0,1,0,0,0,0,0,0,0,0,0,0,1
Friday,10,123,0,0,3,0,0,1,0,0,0,0,0,0,0,0,0,0,1
Friday,9,111,0,0,0,0,0,0,0,0,0,0,0,0,0,0,0,0,0
Friday,4,246,0,0,0,0,0,0,0,1,0,0,2,0,1,1,1,2,0
Friday,1,52,0,1,0,0,0,0,0,0,0,0,0,0,0,0,0,0,0
Friday,1,33,0,0,0,0,0,0,0,0,0,0,0,1,0,0,2,0,2
Friday,1,86,0,0,0,0,0,0,0,0,0,0,0,0,0,0,0,0,0
Thursday,23,164,0,0,1,2,0,1,0,1,1,0,1,0,2,0,0,2,0
Thursday,22,309,0,1,1,2,0,1,0,0,0,0,0,1,0,0,1,0,1
Thursday,21,86,0,0,0,0,0,0,0,0,0,0,0,0,0,0,0,0,0
Thursday,19,232,0,0,1,0,0,1,0,0,0,0,0,0,0,0,0,0,1
Thursday,16,59,0,1,0,0,0,0,0,0,0,0,0,0,0,0,0,0,0
Thursday,16,227,0,1,1,1,0,1,0,0,0,1,1,0,0,0,0,1,0
Thursday,16,106,1,0,1,0,0,1,0,0,1,0,0,2,0,0,1,0,2
Thursday,13,119,0,0,1,0,0,1,0,0,0,0,0,1,0,0,2,0,2
Thursday,12,214,0,1,0,2,0,0,0,0,0,0,1,0,1,0,0,0,3
Thursday,5,67,0,0,1,2,0,1,0,0,0,0,0,0,0,0,0,0,2
Thursday,4,173,0,0,0,0,0,0,0,0,0,0,0,0,0,0,1,0,2
Thursday,4,40,0,0,0,0,0,0,0,0,0,0,0,0,0,0,0,0,0
Thursday,3,198,0,0,0,0,0,0,0,0,0,0,0,1,0,1,1,0,2
Thursday,3,281,0,1,0,0,0,0,0,1,1,0,1,2,1,1,2,1,5
Thursday,2,125,0,0,0,0,0,0,0,0,1,0,0,1,0,1,1,0,1
Thursday,1,279,0,0,0,0,0,0,0,0,0,1,0,0,0,0,3,1,2
Thursday,0,103,1,1,0,4,0,0,0,0,0,0,0,2,0,0,1,0,2
Thursday,23,65,0,0,1,0,0,1,0,0,0,0,0,0,0,0,0,1,1
Thursday,23,45,0,1,0,0,0,0,0,0,0,0,0,0,0,0,0,0,0
Thursday,22,128,0,0,0,0,0,0,0,0,0,0,0,1,0,0,1,0,2
Thursday,20,269,0,0,1,1,0,1,0,0,1,0,1,1,0,0,2,0,2
Thursday,20,135,0,0,0,0,0,0,0,0,0,0,0,1,0,0,0,1,1
Thursday,20,298,0,1,3,4,0,1,0,0,2,0,0,2,2,0,2,2,2
Thursday,18,256,0,0,4,1,0,1,0,0,1,0,0,1,0,0,1,0,1
Thursday,18,253,0,0,0,0,0,0,0,0,0,0,0,0,1,1,0,1,2
Thursday,15,110,0,0,0,0,0,0,0,0,1,0,0,1,0,2,1,1,1
Thursday,14,192,0,0,0,0,0,0,0,0,1,0,0,1,0,0,0,1,1
Thursday,13,241,0,0,0,0,0,0,0,0,0,0,0,1,0,0,2,0,2
Thursday,11,210,0,0,0,0,0,0,0,0,1,0,0,1,0,1,1,1,1
Thursday,8,279,0,0,0,0,0,0,0,0,0,0,0,1,0,0,1,0,1
Thursday,4,255,0,0,0,0,0,0,0,0,0,0,1,3,1,0,1,2,3
Thursday,3,118,0,0,0,0,0,0,0,0,0,0,0,1,0,0,0,1,1
Thursday,3,245,0,1,0,2,0,0,0,0,1,0,1,2,0,1,1,1,2
Thursday,2,96,0,0,0,0,0,0,0,0,1,0,0,1,0,0,1,0,2
Thursday,1,255,0,0,0,0,0,0,0,0,1,0,0,1,0,1,1,0,2
Thursday,0,181,0,0,0,0,0,0,0,0,0,0,0,0,0,0,0,0,1
Tuesday,23,81,0,0,0,0,0,0,0,0,0,0,0,0,0,0,0,0,0
Tuesday,23,130,0,0,0,0,0,0,0,0,2,0,0,2,0,1,0,0,2
Tuesday,23,293,0,1,1,0,0,1,0,0,0,0,0,1,0,0,0,0,4
Tuesday,23,183,0,0,0,0,0,0,0,0,0,0,0,0,0,1,2,2,2
Tuesday,23,168,0,1,0,0,0,0,0,0,1,0,0,2,0,1,1,0,2
Tuesday,23,139,0,0,0,0,0,0,0,0,1,0,0,1,0,1,1,0,2
Tuesday,23,201,0,0,0,0,0,0,0,0,3,0,0,3,0,2,3,0,5
Tuesday,23,167,0,1,0,0,0,0,0,0,0,0,0,0,0,0,0,0,1
Tuesday,23,133,0,0,0,0,0,0,0,0,0,0,0,1,0,0,0,0,1
Tuesday,23,138,0,0,0,0,0,0,0,0,0,0,0,0,0,0,0,0,1
Tuesday,23,136,0,0,0,0,0,0,0,0,0,0,0,1,0,0,0,0,1
Tuesday,23,116,0,0,0,0,0,0,0,0,0,0,0,1,0,1,0,1,1
Tuesday,23,124,0,1,0,0,0,0,0,0,0,0,0,0,0,0,1,0,1
Tuesday,23,112,0,0,0,0,0,0,0,0,0,0,0,0,0,0,0,0,1
Tuesday,23,277,1,0,0,0,0,0,0,0,0,0,0,0,0,0,0,0,2
Tuesday,22,255,0,0,0,0,0,0,0,0,2,0,0,2,0,1,2,0,2
Tuesday,21,63,0,0,0,0,0,0,0,0,0,0,0,0,0,0,0,0,0
Tuesday,20,180,0,0,1,0,0,1,0,0,0,0,0,0,0,0,0,0,0
Tuesday,19,134,0,0,1,0,0,1,0,0,0,0,1,1,1,1,1,2,2
Tuesday,16,255,0,0,0,0,0,0,0,0,2,1,1,2,0,0,2,2,3
Tuesday,14,53,0,0,0,0,0,0,0,0,1,0,0,1,0,2,1,1,1
Tuesday,13,82,0,0,0,0,0,0,0,0,1,0,0,0,0,0,1,0,1
Tuesday,11,239,0,0,0,0,0,0,0,0,3,0,0,4,1,2,3,0,4
Tuesday,10,130,0,0,0,0,0,0,0,0,0,0,0,0,0,1,0,1,1
Tuesday,4,190,1,0,1,0,0,1,0,0,0,0,0,0,0,0,0,1,0
Tuesday,4,255,0,1,0,0,0,0,0,0,1,0,0,2,1,1,2,1,3
Tuesday,4,96,0,0,0,0,0,0,0,0,1,0,1,0,0,1,1,0,1
Tuesday,3,62,0,0,0,0,0,0,0,0,0,0,0,0,0,0,0,0,0
Tuesday,3,51,0,0,1,0,0,1,0,0,0,0,0,0,0,0,0,0,0
Tuesday,1,76,0,0,0,0,0,0,0,0,0,0,0,0,0,0,1,0,1
Tuesday,0,301,0,0,1,0,0,1,0,0,2,0,0,2,0,0,2,0,5
Saturday,23,304,2,1,0,0,0,1,0,0,0,1,0,0,0,0,0,1,0
Saturday,22,106,0,0,1,0,0,1,0,0,0,0,0,0,0,0,0,0,1
Saturday,22,95,0,0,1,0,0,1,0,0,1,0,0,0,0,0,0,0,1
Saturday,20,148,0,0,0,0,0,0,0,0,2,1,0,2,0,2,2,0,4
Saturday,20,301,0,1,3,9,0,1,0,1,0,0,0,0,0,0,0,1,3
Saturday,19,300,0,1,0,2,0,1,0,0,2,0,0,3,0,0,3,0,3
Saturday,18,125,0,0,0,0,0,0,0,0,1,0,0,2,0,1,2,0,3
Saturday,17,290,0,0,1,0,0,1,0,0,3,0,1,1,0,0,0,1,3
Monday,21,119,0,1,0,0,0,0,0,1,0,0,1,1,1,0,0,2,0
Monday,21,124,0,1,0,0,0,0,0,0,0,0,0,0,0,0,0,0,0
Monday,21,180,0,1,0,0,0,0,0,0,1,0,1,1,0,1,0,0,2
Monday,19,191,0,0,1,0,0,1,0,0,0,1,0,0,0,1,0,1,2
Monday,19,139,0,0,0,0,0,0,0,1,0,1,1,0,1,0,0,1,0
Monday,15,308,0,0,1,0,0,1,0,0,0,0,0,1,0,0,0,0,2
Monday,3,43,0,0,0,0,0,0,0,0,0,0,0,0,0,0,0,0,1
Sunday,21,253,0,0,0,0,0,0,0,0,0,2,0,1,2,0,1,2,1
Sunday,19,278,0,0,0,0,0,0,0,0,1,0,1,0,1,0,2,1,4
Sunday,19,245,0,0,0,0,0,0,0,0,1,0,0,0,0,0,1,0,2
Sunday,18,255,0,0,0,0,0,0,0,1,1,1,0,3,1,1,3,2,3
Sunday,18,58,0,0,0,0,0,0,0,0,0,0,0,0,0,0,0,0,1
Sunday,16,254,0,0,0,0,0,0,0,1,0,0,1,0,1,0,1,1,1
Sunday,12,292,2,0,1,0,0,1,0,0,1,0,0,1,0,0,1,0,3
Sunday,6,269,0,0,0,2,0,0,0,1,0,0,2,0,0,0,0,1,3
Sunday,5,179,0,0,0,0,0,0,0,0,0,0,0,0,0,0,0,0,0
Sunday,2,249,0,0,0,0,0,0,0,2,0,0,0,0,0,0,1,1,2
Sunday,0,126,0,0,0,0,0,0,0,1,1,0,1,0,0,0,1,0,2
Saturday,23,113,0,0,0,0,0,0,0,0,1,0,0,1,0,1,2,0,2
Saturday,19,187,1,0,1,0,1,1,0,0,1,0,0,1,0,1,1,0,2
Saturday,19,196,0,0,0,0,0,0,0,0,1,0,0,0,0,1,3,0,2
Saturday,18,193,0,0,0,0,0,0,0,0,1,0,0,0,0,0,0,0,1
Saturday,18,162,0,0,0,0,0,0,0,0,0,1,0,1,0,0,1,1,3
Saturday,17,303,1,0,1,0,0,1,0,0,2,0,0,2,0,1,2,1,5
Saturday,16,286,0,0,1,0,0,1,0,1,1,3,1,0,2,1,0,3,2
Saturday,15,298,0,0,1,1,0,1,0,1,0,0,0,1,0,0,1,0,3
Saturday,12,305,0,1,2,0,0,1,0,0,1,0,0,1,1,1,0,0,1
Saturday,4,281,0,0,1,2,0,1,0,1,0,1,0,0,0,0,0,2,1
Saturday,0,194,0,0,1,0,0,1,0,0,0,0,0,0,0,0,0,0,0
Friday,21,171,0,0,1,0,0,1,0,1,0,1,1,0,1,1,1,2,0
Friday,5,305,0,0,1,0,0,1,0,1,0,1,1,1,1,1,1,3,3
Friday,1,263,0,1,1,0,0,1,0,0,0,0,1,1,0,0,1,0,3
Thursday,22,250,0,0,0,0,0,0,0,0,0,0,0,0,0,0,0,0,4
Thursday,18,163,0,0,0,0,0,0,0,0,1,0,0,0,0,0,1,0,1
Thursday,14,253,0,0,2,7,0,1,0,0,0,0,0,1,1,0,0,1,2
Thursday,1,128,0,0,0,0,0,0,0,0,0,0,0,0,0,0,0,0,0
Wednesday,21,302,0,0,1,6,0,1,0,0,0,0,0,1,0,0,1,0,2
Wednesday,21,223,0,0,0,0,0,0,0,0,4,0,0,2,0,2,2,1,2
Wednesday,20,135,0,0,1,0,0,1,0,1,0,1,1,1,1,0,0,2,1
Wednesday,18,251,0,0,1,4,0,1,0,0,1,1,0,1,0,0,1,1,1
Wednesday,17,164,0,0,1,0,0,1,0,0,0,0,0,0,0,0,0,0,0
Wednesday,7,253,0,0,0,0,0,0,0,0,5,0,0,2,0,2,2,1,2
Tuesday,23,114,0,0,1,0,0,1,0,0,0,0,0,0,0,0,0,0,0
Tuesday,21,213,0,1,0,0,0,0,0,0,1,0,0,1,0,0,2,0,2
Tuesday,21,304,0,0,1,3,0,1,0,0,3,0,0,4,1,0,3,1,5
Tuesday,18,43,0,0,0,0,0,0,0,0,0,0,0,0,0,0,0,0,0
Tuesday,17,252,0,0,1,0,0,1,0,0,2,1,0,1,0,0,2,2,3
Tuesday,16,304,0,0,1,3,0,1,0,0,1,0,0,2,0,1,2,0,2
Tuesday,14,110,0,0,0,0,0,0,0,0,0,0,0,0,0,0,0,0,1
Tuesday,6,81,0,0,0,0,0,0,0,0,0,0,0,0,0,0,0,0,0
Tuesday,2,282,1,1,1,1,0,1,0,0,0,1,0,0,0,0,0,1,0
Monday,20,188,0,0,1,2,0,1,0,0,1,0,0,0,0,0,0,0,1
Monday,18,154,1,0,1,0,0,1,0,0,0,0,0,0,0,0,1,0,2
Monday,16,89,0,0,0,0,0,0,0,0,0,1,0,0,0,0,0,1,0
Monday,7,127,0,0,0,0,0,0,0,0,0,0,0,0,0,0,0,0,0
Monday,2,245,0,0,0,0,0,0,0,0,0,0,0,0,0,0,2,0,4
Sunday,20,251,0,0,0,0,0,0,0,1,0,0,1,0,1,0,0,1,4
Sunday,19,151,0,0,0,0,0,0,0,1,0,3,1,1,2,0,0,3,2
Sunday,18,238,0,0,0,0,0,0,0,0,1,1,0,1,0,0,1,1,4
Sunday,5,104,0,0,1,0,0,1,0,0,0,0,0,0,0,0,0,0,0
Sunday,5,308,0,0,1,1,0,1,0,0,0,0,0,0,0,0,0,0,0
Sunday,3,104,0,0,0,0,0,0,0,0,0,1,0,0,0,0,0,1,1
Sunday,0,73,0,0,0,0,1,0,0,0,0,0,0,1,0,0,1,0,1
Saturday,19,250,0,0,0,0,0,0,0,0,0,0,0,0,1,0,0,1,1
Saturday,18,236,0,0,1,3,0,1,0,0,1,0,0,1,0,0,0,0,4
Saturday,18,255,0,0,0,0,0,0,0,0,1,0,0,1,0,1,1,0,1
Saturday,5,149,0,0,0,0,0,1,0,0,0,0,0,0,0,0,0,0,1
Friday,23,129,0,0,0,0,0,0,0,0,0,1,0,0,0,0,0,1,0
Friday,20,72,1,0,0,0,0,0,0,0,0,0,0,0,0,0,0,0,1
Friday,19,155,0,0,1,0,0,1,0,0,0,2,0,0,0,0,0,2,0
Friday,17,214,0,0,0,0,0,0,0,0,0,0,0,1,0,0,1,0,4
Friday,12,201,0,1,1,0,0,1,0,0,1,0,0,0,0,0,0,0,1
Friday,3,260,0,0,1,0,0,1,0,1,0,0,1,1,0,0,1,2,2
Friday,2,99,0,0,0,0,0,0,0,0,0,0,0,0,0,0,0,0,1
Friday,2,192,0,0,0,0,0,0,0,0,0,0,0,0,0,0,0,0,1
Friday,1,294,1,0,1,1,0,1,0,0,0,0,0,0,0,0,1,0,2
Thursday,23,304,0,0,1,1,0,1,0,0,1,0,0,1,0,0,1,1,3
Thursday,21,253,0,0,0,0,0,0,0,0,0,0,0,0,0,0,0,1,1
Thursday,19,274,0,1,1,7,0,1,0,0,0,0,0,0,0,0,2,0,3
Thursday,5,219,0,0,0,0,0,0,0,1,2,1,2,3,2,2,2,1,4
Thursday,3,196,0,0,0,0,0,0,0,1,1,2,1,1,1,1,2,2,6
Thursday,3,100,0,0,0,0,0,0,0,0,0,0,0,0,0,0,0,0,0
Thursday,2,255,1,0,4,1,0,1,0,0,0,1,0,0,0,0,0,1,1
Thursday,2,266,0,0,1,5,0,1,0,0,1,0,0,1,0,0,0,0,4
Thursday,0,178,0,0,0,0,0,0,0,1,1,0,0,1,0,1,1,0,2
Thursday,22,191,0,0,1,0,0,1,0,0,1,1,0,1,0,1,1,1,1
Thursday,21,171,0,0,0,0,0,1,0,0,0,0,0,0,0,0,0,0,3
Thursday,20,305,1,1,1,1,0,1,0,0,0,0,0,0,0,0,1,1,0
Thursday,20,305,1,1,1,1,0,1,0,0,0,0,0,0,0,0,1,1,0
Thursday,19,253,0,0,0,0,0,0,0,0,0,0,0,0,0,0,0,1,1
Thursday,7,123,0,0,0,0,0,0,0,0,0,0,0,0,0,0,0,0,0
Thursday,3,228,0,0,1,0,0,1,0,0,0,1,0,0,0,0,0,1,0
Tuesday,22,128,0,0,0,0,0,1,0,0,0,0,0,0,0,0,0,0,1
Tuesday,16,301,0,0,1,2,0,1,0,0,2,0,0,2,0,0,2,0,6
Tuesday,7,143,0,0,1,0,0,1,0,0,0,0,0,0,0,0,0,0,2
Tuesday,5,136,0,0,1,0,0,1,0,0,0,1,0,1,0,0,1,1,2
Tuesday,2,249,0,0,0,0,0,0,0,1,0,0,0,1,0,0,1,1,2
Tuesday,0,90,0,0,0,0,0,0,0,0,1,0,0,1,0,1,1,0,2
Tuesday,0,227,0,0,0,0,0,0,0,0,1,1,0,0,2,1,1,3,1
Tuesday,0,239,0,0,1,0,0,1,0,1,1,0,0,1,0,0,1,2,3
Saturday,22,251,0,0,0,0,0,0,0,3,0,0,0,0,0,0,2,3,1
Saturday,18,232,0,0,0,0,0,0,0,0,1,0,0,1,0,0,1,0,2
Saturday,17,258,0,0,1,0,0,1,0,2,1,2,3,2,3,1,2,3,3
Saturday,13,244,0,1,0,0,0,0,0,0,0,0,0,1,0,1,2,0,6
Saturday,3,301,0,0,1,0,0,1,0,0,0,0,0,1,0,0,1,0,4
Saturday,3,253,0,0,0,0,0,0,0,0,1,0,0,0,0,0,1,0,1
Saturday,0,255,0,0,4,0,0,1,0,0,0,0,0,0,0,0,1,0,0
Saturday,0,305,0,0,2,0,0,1,0,0,3,1,0,2,0,0,2,2,3
Thursday,22,117,0,0,0,0,0,0,0,0,1,1,0,1,0,1,1,1,1
Thursday,21,269,0,0,0,0,0,0,0,0,1,0,0,1,0,1,1,0,1
Thursday,19,231,0,0,0,0,0,0,0,0,1,1,0,1,0,0,1,1,2
Thursday,18,127,0,0,0,0,0,0,0,0,1,0,0,2,0,1,1,0,3
Thursday,14,97,0,0,0,0,0,0,0,0,0,0,0,0,0,0,0,0,2
Thursday,1,255,0,0,0,0,0,0,0,0,1,1,0,0,0,0,0,1,1
Monday,22,159,0,0,0,0,0,0,0,0,0,1,0,1,0,0,1,1,1
Monday,21,182,0,0,0,0,0,0,0,2,0,3,1,0,1,0,1,3,0
Monday,18,272,0,0,0,0,0,0,0,0,0,1,0,1,0,0,1,1,2
Monday,6,199,0,0,0,0,0,0,0,0,1,0,1,1,1,1,1,1,1
Monday,4,255,0,1,1,0,0,1,0,0,1,0,0,0,0,0,0,0,1
Monday,2,228,0,0,0,0,0,0,0,0,0,0,0,0,0,0,0,0,0
Monday,2,291,0,1,1,5,0,1,0,0,0,1,0,0,0,0,0,2,2
Monday,1,185,0,0,2,9,0,1,0,0,0,0,0,1,0,0,1,0,2
Friday,22,244,0,0,1,1,0,1,0,1,1,1,0,1,0,1,2,1,3
Friday,20,200,1,0,0,1,0,0,0,0,0,0,0,0,0,0,0,1,2
Friday,19,142,0,0,0,0,0,0,0,0,2,0,0,1,0,0,1,0,1
Friday,17,71,0,0,0,0,0,0,0,0,0,0,0,0,0,0,0,0,1
Wednesday,20,265,0,0,2,0,0,1,0,1,2,1,0,2,0,1,2,3,2
Wednesday,20,152,0,0,0,0,0,0,0,0,0,0,0,0,0,0,0,0,0
Wednesday,18,284,0,0,1,0,0,1,0,0,4,0,0,4,0,0,0,0,5
Wednesday,17,219,0,0,0,2,0,0,0,0,1,0,1,1,1,1,1,1,4
Wednesday,6,243,0,0,0,0,0,0,0,0,1,0,0,0,0,0,1,1,1
Wednesday,2,174,0,0,0,0,0,0,0,0,1,1,0,1,0,1,1,1,2
Wednesday,1,53,0,0,0,0,0,0,0,0,0,0,0,1,0,0,1,0,1
Sunday,22,273,0,0,0,3,0,0,0,0,1,1,1,0,0,0,0,2,0
Sunday,19,278,0,0,1,3,0,1,0,0,0,0,0,1,0,1,2,0,5
Sunday,15,165,0,0,2,0,0,1,0,1,0,1,0,0,0,0,0,0,1
Sunday,14,165,0,0,1,0,0,1,0,0,0,1,0,1,0,0,1,2,2
Sunday,9,117,0,1,0,0,0,0,0,2,0,0,1,0,1,0,0,2,0
Sunday,4,203,0,0,0,0,0,0,0,0,0,1,0,0,0,0,0,1,0
Friday,18,184,0,0,4,0,0,1,0,0,0,2,0,0,1,0,0,4,1
Friday,1,123,0,0,0,0,0,0,0,0,0,1,0,0,0,0,0,1,0
Friday,0,121,0,0,0,0,0,0,0,0,1,0,0,2,0,1,2,1,3
Friday,0,143,0,0,1,2,0,1,0,0,0,1,0,0,0,0,0,2,1
Tuesday,22,170,0,0,0,0,0,0,0,1,0,1,0,0,0,0,0,1,0
Tuesday,8,255,0,0,1,0,0,1,0,0,1,0,0,3,0,2,5,0,6
Tuesday,3,140,0,0,0,0,0,0,0,0,0,0,0,0,1,0,1,1,3
Tuesday,0,80,0,0,0,0,0,0,0,0,0,1,0,1,0,0,0,1,1
Tuesday,22,99,0,0,0,0,0,0,0,0,0,0,0,0,0,1,0,0,0
Tuesday,17,82,0,0,0,0,0,0,0,0,0,1,0,1,0,0,1,1,4
Tuesday,4,104,0,0,0,1,0,0,0,0,0,0,0,0,0,0,1,1,2
Tuesday,3,210,0,0,0,0,0,0,0,1,1,2,0,2,1,1,1,4,1
Saturday,23,231,0,0,0,0,0,0,0,0,0,0,0,0,0,0,0,0,1
Saturday,16,215,1,0,0,0,0,0,0,0,2,0,0,2,0,1,2,0,2
Saturday,14,66,0,0,0,0,0,0,0,0,0,0,0,0,0,0,0,0,1
Saturday,13,246,0,0,0,0,0,0,0,0,0,1,0,0,0,0,0,1,0
Saturday,8,133,0,0,0,0,0,0,0,0,0,1,0,0,0,0,0,1,0
Saturday,3,288,1,0,0,0,0,1,0,2,2,2,2,0,2,0,2,4,3
Saturday,0,108,0,0,0,0,0,0,0,0,0,0,0,0,0,0,0,1,0
Friday,22,144,0,0,0,0,0,0,0,0,0,1,0,0,0,0,0,1,0
Friday,21,161,0,0,0,4,0,1,0,0,0,0,0,0,1,0,0,1,0
Friday,20,219,0,0,2,0,0,1,0,1,0,0,2,1,1,1,0,1,1
Friday,20,115,1,0,0,0,0,0,0,0,0,0,0,0,0,0,0,0,1
Friday,18,246,1,0,0,0,0,0,0,1,1,1,1,0,1,0,2,2,3
Friday,17,185,0,0,1,0,0,1,0,0,1,0,0,0,0,0,1,0,2
Friday,4,219,0,0,0,0,0,0,0,0,2,1,0,2,1,1,2,1,4
Friday,2,212,0,0,2,0,0,1,0,0,0,1,0,0,1,0,1,2,2
Thursday,22,66,0,0,0,0,0,0,0,0,0,0,0,0,0,0,0,0,1
Thursday,3,154,0,0,0,0,0,0,0,0,1,0,0,1,0,0,1,0,1
Thursday,3,155,0,0,0,0,0,0,0,0,2,1,0,1,0,0,2,1,2
Thursday,2,154,0,0,0,0,0,0,0,0,0,0,0,0,0,0,0,0,0
Thursday,1,128,0,0,1,0,0,1,0,0,0,0,0,0,0,0,1,0,0
Wednesday,22,191,0,0,0,0,1,0,0,1,3,0,0,3,0,2,2,2,4
Wednesday,20,279,0,1,1,0,0,1,0,0,3,0,0,3,0,1,2,0,3
Wednesday,19,78,0,0,0,0,1,0,0,0,0,0,0,0,0,0,0,0,1
Wednesday,5,163,0,0,0,0,1,0,0,0,0,0,0,0,2,0,0,0,0
Tuesday,21,253,0,0,0,0,0,0,0,0,1,0,0,1,0,0,1,1,3
Tuesday,21,233,0,0,1,2,0,1,0,0,1,0,0,1,0,0,1,0,2
Tuesday,20,310,0,1,0,3,0,1,0,2,0,0,1,1,2,1,0,2,0
Tuesday,10,124,0,0,0,0,0,0,0,0,0,0,0,0,0,0,0,0,1
Tuesday,3,215,0,0,1,0,0,1,0,1,1,0,0,1,0,0,1,0,3
Tuesday,0,133,0,0,0,0,0,0,0,0,0,0,0,0,0,1,0,0,0
Monday,19,170,0,1,1,0,0,1,0,1,1,1,0,2,0,0,1,2,3
Sunday,21,182,0,0,1,0,0,1,0,0,0,1,0,0,1,0,0,1,0
Sunday,7,210,0,0,0,0,0,0,0,0,0,0,0,0,0,0,0,0,0
Sunday,0,137,0,0,0,0,0,0,0,0,1,0,0,0,0,0,1,1,1
Saturday,21,259,0,0,0,0,0,1,0,0,0,0,0,2,0,1,1,0,3
Saturday,20,292,0,0,1,0,0,1,0,1,2,1,1,1,0,1,2,0,2
Saturday,16,138,0,0,1,0,0,1,0,0,0,0,0,0,0,0,0,0,2
Saturday,15,255,0,0,0,0,0,0,0,0,0,1,0,0,0,0,0,1,1
Saturday,14,275,0,0,0,0,0,0,0,0,1,1,0,1,0,0,1,1,3
Saturday,3,108,0,0,0,0,0,0,0,1,1,0,0,3,1,0,0,1,4
Saturday,3,93,0,0,0,0,0,0,0,0,0,0,0,0,0,0,0,0,1
Saturday,2,215,0,0,0,0,0,0,0,0,2,0,1,2,0,0,1,1,1
Saturday,0,205,0,0,0,0,0,0,0,1,1,0,1,0,1,0,1,2,1
Friday,18,207,0,0,0,1,0,1,0,0,0,0,0,0,0,0,1,0,1
Friday,17,298,0,0,1,9,0,1,0,0,2,0,0,2,0,0,0,1,5
Friday,9,255,0,0,0,0,0,0,0,0,3,0,0,1,2,1,4,2,2
Friday,8,83,0,0,0,0,0,0,0,0,0,0,0,1,0,0,0,0,1
Friday,6,256,1,1,0,0,0,0,0,0,0,1,0,0,0,0,0,1,1
Friday,4,59,0,0,0,0,1,0,0,0,0,0,0,0,0,0,0,0,0
Friday,2,147,0,0,1,0,0,1,0,1,1,1,1,2,1,0,1,2,3
Friday,0,104,0,0,0,0,1,0,0,0,0,0,0,1,0,2,1,0,1
Friday,0,264,0,1,0,0,0,0,0,0,0,0,0,0,0,0,0,0,2
Thursday,17,54,0,0,0,0,0,0,0,0,0,0,0,0,0,0,0,0,1
Thursday,16,125,0,0,0,0,0,0,0,0,0,0,0,0,0,0,1,0,0
Thursday,16,42,0,0,0,0,0,0,0,0,0,0,0,0,0,0,0,0,0
Thursday,13,305,1,0,0,0,0,1,0,0,2,1,0,1,0,0,2,1,4
Wednesday,23,208,0,0,0,0,0,0,0,0,0,0,0,0,0,0,0,0,0
Wednesday,19,245,0,0,0,0,0,0,0,0,0,0,0,0,0,0,0,0,2
Wednesday,19,166,0,0,1,0,0,1,0,0,0,1,0,0,0,0,0,1,0
Wednesday,19,299,0,0,1,2,0,1,0,0,1,1,0,1,1,0,1,1,3
Wednesday,17,298,1,0,1,1,0,1,0,0,1,0,0,1,0,1,1,0,3
Wednesday,13,94,0,0,0,0,0,0,0,0,0,0,0,0,0,1,0,0,0
Tuesday,23,248,0,0,0,0,0,0,0,1,0,0,1,0,0,0,1,2,0
Tuesday,21,209,1,0,1,0,0,1,0,0,0,0,0,0,0,0,0,0,0
Tuesday,20,268,0,0,1,0,0,1,0,0,1,2,0,2,0,0,1,2,2
Monday,4,114,0,0,0,0,0,0,0,0,0,0,0,0,0,0,1,0,0
Monday,1,180,0,0,0,0,0,0,0,0,0,0,0,0,0,0,0,1,0
Sunday,21,293,1,0,1,8,0,1,0,1,0,0,1,1,2,0,0,1,1
Sunday,16,170,0,0,1,0,0,1,0,0,1,1,0,1,0,0,0,2,4
Sunday,14,241,0,0,0,0,0,0,0,0,0,0,0,0,0,0,0,0,2
Sunday,14,305,0,1,1,0,0,1,0,2,1,0,1,2,1,0,1,2,2
Sunday,8,69,0,0,0,0,0,0,0,0,0,1,0,0,0,0,0,1,0
Sunday,3,213,0,0,0,0,0,0,0,3,0,1,2,0,2,2,0,3,0
Saturday,22,64,0,0,0,0,0,0,0,0,0,0,0,0,0,0,0,0,1
Saturday,15,72,0,0,0,0,0,0,0,0,0,1,0,0,2,0,0,1,1
Saturday,3,64,0,0,0,0,0,0,0,0,0,0,1,0,0,0,0,0,0
Friday,23,55,0,0,0,0,0,0,0,0,0,0,0,0,0,0,0,0,1
Friday,22,166,0,0,1,0,0,1,0,0,1,0,0,1,1,1,2,0,2
Friday,22,275,0,0,0,0,0,0,0,0,0,0,0,0,0,0,0,0,0
Friday,21,184,0,0,1,0,0,1,0,1,2,0,0,2,0,1,2,2,3
Friday,18,212,0,0,1,0,0,1,0,0,0,0,0,0,0,0,0,0,1
Friday,12,188,0,0,0,0,0,0,0,1,0,1,0,0,1,0,1,3,1
Friday,3,237,0,0,0,0,0,0,0,0,3,0,0,1,0,1,2,2,4
Thursday,20,98,1,0,0,0,0,0,0,0,0,0,0,0,0,0,0,0,0
Thursday,19,180,0,0,0,0,0,0,0,1,0,1,1,0,1,0,0,2,0
Thursday,0,74,0,0,0,0,0,0,0,0,0,0,0,0,0,0,0,0,0
Wednesday,17,223,0,1,0,0,0,0,0,0,1,0,0,3,0,1,2,0,3
Wednesday,13,243,0,0,0,0,0,0,0,0,2,2,0,2,0,1,2,2,8
Tuesday,16,103,0,0,0,0,0,0,0,0,1,0,0,1,0,1,1,0,1
Monday,14,244,3,0,1,0,0,1,0,0,0,0,0,0,0,0,0,0,2
Monday,4,74,0,0,0,0,0,0,0,0,0,1,0,0,0,0,0,1,1
Monday,2,188,0,0,0,0,0,0,0,1,0,0,1,0,1,1,0,1,1
Monday,0,75,0,0,0,0,0,0,0,0,0,1,0,0,0,0,1,1,0
Sunday,23,106,0,0,0,0,0,0,0,1,0,1,0,0,1,0,0,2,1
Sunday,19,151,0,0,0,0,0,0,0,0,0,2,0,0,0,0,0,2,0
Sunday,8,205,0,0,0,0,0,0,0,0,1,0,0,1,0,1,0,0,2
Friday,15,103,0,0,0,0,0,0,0,0,0,0,0,0,0,0,0,0,1
Friday,4,132,0,0,0,0,0,0,0,0,2,0,0,2,0,2,2,1,2
Friday,2,129,1,0,0,0,0,0,0,0,0,0,0,0,0,0,0,0,0
Friday,1,305,0,0,1,0,0,1,0,0,0,1,0,0,1,0,0,2,0
Tuesday,23,177,0,0,0,0,0,0,0,0,1,0,0,1,0,1,2,1,2
Tuesday,18,271,0,0,1,2,0,1,0,0,0,0,0,1,0,1,0,0,2
Tuesday,15,241,0,0,1,0,0,1,0,0,0,1,0,0,0,1,1,1,2
Tuesday,9,225,0,0,0,0,0,0,0,0,0,2,1,1,1,0,1,2,3
Tuesday,1,123,1,0,0,0,0,0,0,0,0,0,0,0,1,0,0,0,0
Sunday,21,254,0,0,0,0,0,0,0,2,2,0,0,1,0,1,3,2,5
Monday,23,91,0,1,1,1,0,1,0,0,0,0,0,0,0,0,0,0,0
Monday,23,209,0,0,0,0,0,0,0,0,0,0,2,0,1,0,0,1,0
Monday,22,34,0,0,0,0,1,0,0,0,1,0,0,1,0,0,1,0,1
Monday,22,245,0,0,0,0,0,0,0,1,1,1,1,1,1,1,2,1,2
Monday,14,77,0,0,1,0,0,1,0,0,0,0,0,0,1,0,0,0,0
Monday,9,233,0,1,1,0,0,1,0,1,1,0,1,1,0,1,2,1,4
Monday,8,244,1,0,0,1,1,0,0,0,1,0,1,1,2,0,1,2,2
Monday,8,201,0,1,0,0,0,0,0,1,1,0,1,1,0,1,2,1,4
Monday,7,65,0,0,0,0,0,0,0,0,0,0,0,0,1,0,0,1,1
Monday,7,192,0,1,1,0,0,1,0,1,1,0,1,1,0,0,1,0,3
Monday,4,44,0,0,0,0,0,0,0,0,0,0,0,0,0,0,0,0,0
Monday,2,303,0,1,1,0,0,1,0,1,1,0,1,1,1,0,1,1,3
Monday,2,288,0,1,1,0,0,1,0,1,4,0,1,1,2,0,1,2,3
Monday,2,74,0,0,1,0,0,1,0,1,0,0,0,0,0,0,0,1,0
Monday,2,255,0,1,1,0,0,1,0,1,2,0,1,2,0,2,3,1,5
Monday,2,26,0,0,0,0,0,0,0,0,0,0,0,0,0,0,0,0,0
Monday,1,55,0,0,0,0,0,0,0,0,0,0,0,0,0,0,0,0,1
Monday,1,74,0,0,1,0,0,1,0,1,0,0,0,0,0,0,0,1,0
Monday,1,199,0,0,0,0,0,0,0,0,0,0,0,4,0,0,2,0,4
Sunday,23,75,0,0,0,0,0,0,0,0,0,0,0,0,0,0,0,0,1
Sunday,23,284,0,0,0,0,0,0,0,0,1,0,0,0,0,0,0,0,0
Sunday,23,69,1,0,0,0,0,0,0,0,1,0,0,0,0,0,0,0,2
Sunday,23,91,0,1,1,1,0,1,0,0,0,0,0,0,0,0,0,0,0
Sunday,21,179,0,1,2,0,0,1,0,0,0,0,1,0,0,0,1,0,2
Sunday,18,106,0,0,0,0,0,0,0,0,1,0,0,1,0,1,2,0,2
Sunday,18,192,0,0,0,0,0,0,0,0,0,0,0,0,0,0,0,1,0
Sunday,17,65,1,0,1,0,0,1,0,0,0,0,0,0,0,0,0,0,0
Sunday,17,26,0,0,0,0,0,0,0,0,1,0,0,1,0,1,0,0,1
Sunday,14,61,0,0,0,0,0,0,0,0,0,0,0,0,1,0,0,1,1
Sunday,10,52,0,0,0,0,0,0,0,0,0,0,0,0,0,0,0,0,0
Sunday,8,85,0,0,0,0,0,0,0,0,0,1,0,0,0,0,0,1,0
Sunday,8,177,0,0,4,0,0,1,0,1,2,0,0,0,0,0,0,0,0
Sunday,6,84,0,0,0,0,0,0,0,0,1,0,0,0,2,0,0,2,1
Sunday,4,87,0,0,0,0,0,0,0,1,0,0,1,0,0,0,0,1,0
Sunday,4,152,0,0,0,0,0,0,0,1,0,1,1,0,1,0,0,1,0
Sunday,4,241,0,0,0,0,0,0,0,0,2,2,0,0,1,0,0,3,1
Sunday,4,110,0,0,0,0,1,0,0,0,1,1,0,0,1,0,1,2,2
Sunday,3,122,0,0,0,0,0,0,0,0,0,0,0,0,0,0,0,0,0
Sunday,3,64,0,0,0,0,0,0,0,0,0,0,0,0,0,0,0,0,0
Sunday,3,75,0,0,0,0,0,0,0,0,0,0,1,0,1,0,0,0,0
Sunday,3,289,0,0,4,0,0,1,0,1,2,3,1,1,2,1,2,5,1
Sunday,2,79,0,0,1,0,0,1,0,1,0,0,0,0,0,0,0,1,0
Sunday,2,14,0,0,0,0,0,0,0,0,0,0,0,0,0,0,0,0,0
Sunday,1,91,0,1,1,1,0,1,0,0,0,0,0,0,0,0,0,0,0
Sunday,1,156,0,0,0,0,0,0,0,0,1,0,0,1,0,0,1,0,1
Sunday,1,26,0,0,0,0,0,0,0,1,0,1,0,0,0,0,0,1,0
Sunday,1,177,0,1,2,0,0,1,0,0,0,0,1,0,0,1,1,0,2
Saturday,23,24,0,0,0,0,0,0,0,0,0,0,0,0,0,0,0,0,0
Saturday,22,191,0,0,0,0,0,0,0,0,0,0,0,2,0,0,3,0,2
Saturday,21,106,0,0,0,0,0,0,0,0,1,0,0,2,0,0,2,0,2
Saturday,19,62,0,0,0,0,0,0,0,0,0,0,0,0,0,0,0,0,0
Saturday,17,45,0,0,0,0,0,0,0,0,0,0,0,0,0,0,1,1,1
Saturday,15,143,0,0,0,0,0,0,0,0,0,0,0,0,0,0,0,0,0
Saturday,9,96,0,0,1,0,0,1,0,0,1,0,0,0,0,0,0,0,2
Saturday,7,79,0,0,1,0,0,1,0,1,0,0,0,0,0,0,0,1,0
Saturday,5,181,0,1,2,0,0,1,0,0,0,0,1,0,0,0,1,0,3
Saturday,5,183,0,0,0,0,0,0,0,0,0,0,0,1,0,0,0,0,1
Saturday,5,74,0,0,1,0,0,1,0,1,0,0,0,0,0,0,0,1,0
Saturday,5,74,0,0,1,0,0,1,0,1,0,0,0,0,0,0,0,1,0
Saturday,4,64,0,0,1,1,0,1,0,0,0,0,0,0,0,0,0,0,0
Saturday,3,232,0,1,1,0,0,1,0,0,2,0,0,0,0,0,1,0,0
Saturday,1,61,0,0,0,0,0,0,0,1,1,1,1,0,1,0,0,1,0
Saturday,1,249,0,0,0,0,0,0,0,1,1,1,2,0,1,0,1,1,2
Friday,23,89,0,0,2,0,0,1,0,0,0,0,0,0,0,0,0,0,0
Friday,23,111,0,0,1,0,0,1,0,0,0,0,0,0,0,0,0,0,0
Friday,23,305,0,0,1,0,0,1,0,0,2,0,0,2,0,1,1,1,4
Friday,23,32,0,0,0,0,0,0,0,0,0,0,0,0,1,0,0,0,0
Friday,23,65,0,0,0,0,0,0,0,0,0,0,0,0,0,0,0,0,0
Friday,23,45,0,0,0,0,0,0,0,0,0,0,0,0,0,0,0,0,0
Friday,23,33,0,0,0,0,0,0,0,0,0,0,0,0,0,0,0,0,1
Friday,22,77,0,0,0,0,0,0,0,0,2,0,0,1,0,1,2,0,2
Friday,21,244,0,0,0,0,0,0,0,0,3,0,1,1,0,1,1,4,2
Friday,21,226,0,1,0,1,0,0,0,1,0,1,1,1,1,0,0,1,2
Friday,19,30,0,0,0,0,0,0,0,0,0,0,0,0,0,0,0,0,0
Friday,18,73,0,0,0,0,0,0,0,1,0,1,1,0,1,0,0,1,0
Friday,17,275,0,1,0,0,0,0,0,0,0,1,0,1,0,0,1,0,3
Friday,16,74,0,0,1,0,0,1,0,1,0,0,0,0,0,0,0,1,0
Friday,16,74,0,0,1,0,0,1,0,1,0,0,0,0,0,0,0,1,0
Friday,16,74,0,0,1,0,0,1,0,1,0,0,0,0,0,0,0,1,0
Friday,16,74,0,0,1,0,0,1,0,1,0,0,0,0,0,0,0,1,0
Friday,15,299,0,0,1,0,0,1,0,0,1,1,0,1,0,0,1,1,1
Friday,15,164,0,0,0,0,0,0,0,0,1,0,1,1,0,0,1,0,2
Friday,13,197,0,1,0,0,0,0,0,0,0,1,0,0,0,0,0,1,0
Friday,13,197,0,1,0,0,0,0,0,0,0,1,0,0,0,0,0,1,0
Friday,12,45,0,0,0,0,0,0,0,0,0,0,0,0,0,0,0,0,0
Friday,12,76,0,0,0,0,0,0,0,1,1,0,1,0,0,0,0,0,0
Friday,10,14,0,0,0,0,0,0,0,0,0,0,0,0,0,0,0,0,0
Friday,9,235,0,0,0,0,0,0,0,0,2,0,0,2,0,0,2,2,3
Friday,8,78,0,0,0,0,0,0,0,0,0,0,0,0,0,0,0,0,0
Friday,6,266,0,0,1,0,0,1,0,0,0,0,0,1,0,0,0,0,2
Friday,4,115,0,0,0,0,0,0,0,0,0,0,0,0,0,0,0,1,0
Friday,4,66,0,0,0,0,0,0,0,0,0,0,0,0,1,0,0,0,0
Friday,4,117,0,0,0,0,0,0,0,0,1,0,0,2,0,1,2,0,2
Friday,4,48,0,0,0,0,0,0,0,0,0,0,1,0,1,0,0,1,0
Friday,3,31,0,0,0,0,0,0,0,0,0,0,0,0,0,0,0,0,0
Friday,3,84,0,0,0,0,0,0,0,0,1,0,0,0,0,0,0,0,0
Friday,3,71,0,0,1,0,0,1,0,0,0,0,0,0,0,0,0,0,0
Friday,2,191,0,1,0,0,0,0,0,0,0,0,0,0,0,0,1,0,0
Friday,1,72,0,0,0,0,0,0,0,0,0,0,1,1,0,0,1,0,1
Friday,1,173,0,1,2,0,0,1,0,0,0,0,1,0,0,0,1,0,2
Friday,0,69,1,0,1,0,0,1,0,0,0,0,0,0,0,0,0,0,0
Friday,0,103,0,0,0,0,0,0,0,1,0,1,1,0,1,0,0,1,2
Thursday,19,170,0,0,0,0,0,0,0,0,0,0,0,2,0,0,1,0,2
Thursday,16,102,0,0,0,0,0,0,0,0,0,0,0,0,0,0,1,0,1
Thursday,15,33,0,0,0,0,1,0,0,0,0,0,0,0,0,1,0,0,0
Thursday,14,57,0,0,0,0,0,0,0,0,0,0,0,0,1,0,0,0,1
Tuesday,0,102,0,0,0,0,0,0,0,0,0,0,0,2,0,0,0,0,2
Tuesday,0,106,0,0,0,0,0,0,0,0,0,0,0,1,0,0,1,0,3
Tuesday,0,174,1,0,1,2,0,1,0,2,2,0,0,3,0,1,2,1,4
Tuesday,0,142,3,0,0,0,0,0,0,0,0,0,0,1,0,1,0,0,1
Tuesday,0,266,1,0,3,0,0,1,0,0,1,0,0,3,0,0,2,0,5
Tuesday,0,140,1,1,0,0,0,0,0,0,2,0,0,3,0,1,2,0,3
Tuesday,0,255,0,0,0,0,0,0,0,1,0,1,0,1,0,0,0,2,3
Tuesday,0,150,0,0,1,1,0,1,0,0,1,0,0,0,0,0,0,0,1
Tuesday,0,302,0,1,2,1,0,1,0,0,1,0,0,3,0,1,1,0,3
Tuesday,0,301,0,1,1,0,0,1,0,1,1,0,2,3,0,2,2,3,4
Monday,23,274,2,0,2,5,0,1,0,0,2,1,0,2,1,2,1,1,2
Monday,23,248,3,0,0,0,0,0,0,0,2,0,0,2,0,2,1,1,2
Monday,23,212,0,0,0,0,0,0,0,0,1,0,0,2,0,1,0,0,3
Monday,23,285,0,0,1,0,0,1,0,1,3,0,1,2,2,2,0,1,3
Monday,23,262,0,0,1,0,0,1,0,0,1,0,0,2,0,1,0,0,2
Monday,23,264,0,0,0,1,0,0,0,0,1,0,0,3,0,1,2,0,5
Monday,23,305,1,1,1,1,0,1,0,0,1,0,0,3,0,0,0,0,3
Monday,23,158,0,0,1,0,0,1,0,0,1,0,0,2,0,1,1,0,3
Monday,23,32,0,0,0,0,0,0,0,0,0,0,0,0,0,0,0,0,0
Monday,23,296,0,1,1,0,0,1,0,0,1,0,0,3,0,1,1,1,4
Monday,23,44,0,1,0,0,0,0,0,0,0,0,0,0,0,0,0,0,0
Monday,23,279,0,0,0,0,0,0,0,1,1,1,0,2,0,1,2,3,6
Monday,23,299,0,0,1,0,0,1,0,0,0,0,0,0,0,1,0,1,0
Monday,23,179,0,0,0,0,0,0,0,0,0,0,0,0,0,0,0,1,1
Monday,23,195,0,0,1,0,0,1,0,0,1,0,0,2,0,1,0,0,3
Monday,22,66,0,0,1,0,0,1,0,0,1,0,0,3,0,0,2,0,3
Monday,22,262,0,0,0,0,1,0,0,0,1,0,0,1,0,0,0,0,1
Monday,22,152,0,0,0,0,0,0,0,0,0,0,0,0,0,1,1,0,1
Monday,22,298,2,0,1,3,0,1,0,0,1,0,0,3,0,1,0,0,3
Monday,22,294,0,1,1,0,0,1,0,0,3,0,0,2,0,1,0,1,3
Monday,22,78,0,0,0,0,0,0,0,0,0,0,0,1,0,0,1,0,1
Monday,22,154,0,1,0,7,0,0,0,1,0,0,0,3,1,0,0,1,4
Monday,22,131,1,1,0,3,0,0,0,0,0,0,0,1,0,0,2,0,1
Monday,21,305,4,0,1,12,0,1,0,0,1,0,0,1,0,0,0,0,2
Monday,21,284,2,0,1,0,0,1,0,0,2,0,2,5,1,1,4,1,7
Monday,21,84,1,1,0,0,0,0,0,0,0,0,0,0,0,0,1,2,1
Monday,21,184,0,1,1,3,0,1,0,0,0,0,0,1,0,0,0,0,3
Monday,21,152,1,1,0,9,0,0,0,0,1,0,1,2,1,0,1,2,2
Monday,21,153,1,1,0,9,0,0,0,0,1,0,1,2,1,0,1,2,2
Monday,21,80,1,1,0,0,0,0,0,0,0,0,0,0,0,0,0,2,0
Monday,21,135,1,1,0,9,0,0,0,0,0,0,1,1,1,0,0,2,1
Monday,21,171,0,0,0,0,0,0,0,0,1,0,0,4,1,0,0,0,4
Monday,21,304,0,0,1,1,0,1,0,1,3,0,0,4,0,1,2,1,4
Monday,21,245,1,0,1,13,0,1,0,0,1,0,0,2,0,1,1,0,3
Monday,21,84,1,0,0,1,0,0,0,0,0,0,0,1,0,0,0,0,1
Monday,21,303,0,1,1,1,0,1,0,1,2,0,0,2,1,0,1,1,4
Monday,21,24,0,0,0,0,0,0,0,0,1,0,0,1,0,1,0,0,1
Monday,21,189,0,1,0,0,0,0,0,0,0,0,0,1,0,0,0,0,1
Monday,21,294,0,0,1,9,0,1,0,0,0,0,0,0,0,0,0,0,1
Monday,21,308,0,0,1,3,0,1,0,2,0,0,0,0,2,0,0,3,0
Monday,20,302,0,0,1,1,0,1,0,1,0,0,0,1,0,0,0,1,1
Monday,20,71,0,0,0,0,0,0,0,0,0,0,0,2,0,0,0,0,3
Monday,20,200,1,0,1,0,1,1,0,0,0,0,0,0,0,0,0,0,0
Monday,20,232,2,0,1,1,1,1,0,0,2,0,0,4,0,0,2,0,6
Monday,20,255,0,0,0,0,0,0,0,0,0,0,0,2,1,0,1,0,3
Monday,20,110,0,0,1,1,0,1,0,0,0,0,0,1,0,0,0,1,1
Monday,20,274,1,0,1,6,0,1,0,0,1,0,2,2,0,0,2,1,4
Monday,20,198,1,1,1,5,0,1,0,0,2,1,0,3,0,1,2,1,3
Monday,20,55,1,0,0,0,0,0,0,0,0,0,0,0,0,0,0,0,0
Monday,20,151,0,0,0,0,0,0,0,0,0,0,0,2,0,0,1,0,4
Monday,20,107,0,0,1,1,0,1,0,0,1,0,0,3,0,0,2,0,3
Monday,20,284,1,0,1,1,0,1,0,0,0,0,0,1,0,0,0,1,1
Monday,20,201,2,2,0,0,0,0,0,0,0,0,0,0,0,0,0,0,0
Monday,19,222,0,1,0,0,0,0,0,1,1,0,0,0,0,0,3,1,1
Monday,19,151,0,0,1,0,0,1,0,0,0,0,0,1,0,0,1,0,2
Monday,19,71,1,1,0,0,0,0,0,0,0,0,0,0,0,0,0,2,0
Monday,19,126,0,0,0,0,0,0,0,2,0,1,2,0,1,1,0,2,0
Monday,19,196,0,0,0,0,0,0,0,1,1,1,1,1,1,0,0,2,1
Monday,19,206,0,1,0,4,0,0,0,0,0,0,0,2,1,0,0,0,2
Monday,19,45,0,0,0,0,0,0,0,0,0,0,0,1,0,0,0,0,1
Monday,19,178,1,0,1,0,0,1,0,0,1,0,0,1,1,1,1,0,1
Monday,19,298,0,0,1,5,0,1,0,1,0,0,0,3,1,2,1,1,4
Monday,19,302,1,1,1,1,0,1,0,1,1,0,0,3,1,1,1,2,4
Monday,18,279,0,0,1,0,0,1,0,0,1,0,0,3,0,1,2,0,5
Monday,18,129,0,1,1,4,0,1,0,0,0,0,0,1,0,0,0,0,1
Monday,18,50,0,0,0,0,0,0,0,0,0,0,0,1,0,0,0,0,1
Monday,18,49,0,0,0,0,0,0,0,0,0,0,0,0,0,0,0,0,0
Monday,18,160,0,0,1,7,0,1,0,0,0,0,0,1,0,0,0,0,1
Monday,18,110,0,0,0,0,0,0,0,0,0,0,0,2,0,0,0,2,3
Monday,18,180,0,1,0,0,0,0,0,0,1,0,0,2,0,1,0,0,2
Monday,18,147,1,1,0,9,0,0,0,0,0,0,1,1,1,0,0,2,1
Monday,18,305,1,0,1,5,0,1,0,0,0,0,0,3,0,0,0,0,3
Monday,18,311,1,1,1,0,0,1,0,0,2,0,0,3,0,1,1,2,4
Monday,18,255,0,0,1,0,0,1,0,0,0,1,0,1,0,0,0,1,1
Monday,18,294,0,0,1,13,0,1,0,0,1,0,0,2,1,1,0,0,2
Monday,18,301,2,0,2,3,0,1,0,0,3,0,0,4,0,0,2,1,5
Monday,18,255,0,0,1,0,0,1,0,1,2,1,0,1,2,1,2,2,5
Monday,18,302,0,0,1,0,0,1,0,0,4,0,0,7,0,2,3,2,7
Monday,18,306,0,0,0,1,0,1,0,0,2,0,0,4,0,1,0,2,4
Monday,17,255,0,0,0,0,0,0,0,0,1,1,0,2,0,1,1,1,3
Monday,17,208,0,0,0,0,0,0,0,0,1,1,0,4,0,0,1,1,3
Monday,17,203,0,0,1,0,0,1,0,0,1,0,0,2,0,1,1,0,3
Monday,17,106,1,1,0,0,0,0,0,0,1,0,0,2,0,0,2,1,3
Monday,17,92,0,1,0,0,0,0,0,0,0,0,0,1,0,0,0,0,3
Monday,17,221,1,0,2,3,0,1,0,0,0,0,0,2,0,0,0,0,2
Monday,17,248,0,0,1,1,0,1,0,0,2,0,0,3,0,0,1,0,4
Monday,17,30,0,0,0,0,0,0,0,0,0,0,0,0,0,0,0,0,0
Monday,17,204,1,1,0,0,0,0,0,0,1,0,0,2,0,1,1,0,3
Monday,17,217,1,0,0,0,0,0,0,0,0,0,0,1,0,0,1,2,1
Monday,17,169,0,0,1,0,0,1,0,0,0,0,0,1,0,0,0,0,2
Monday,17,174,0,1,0,3,0,0,0,0,1,0,0,2,0,1,0,0,2
Monday,17,298,1,0,1,0,0,1,0,0,0,0,0,3,1,0,0,2,5
Monday,17,145,0,0,1,0,0,1,0,0,2,0,0,2,0,1,0,0,2
Monday,17,284,1,1,1,2,0,1,0,0,0,0,0,1,0,0,0,0,4
Monday,17,133,1,1,0,3,0,0,0,0,0,0,0,0,0,0,1,0,2
Monday,17,302,0,0,0,0,0,1,0,0,1,0,0,4,0,1,1,0,4
Monday,16,54,0,0,0,0,0,0,0,0,0,0,0,1,0,0,0,0,2
Monday,16,226,1,0,0,0,0,1,0,1,0,0,1,0,0,0,0,2,2
Monday,16,242,0,0,0,0,0,0,0,0,0,1,0,0,0,0,0,2,0
Monday,16,15,0,0,0,0,1,0,0,0,0,0,0,1,0,0,0,0,1
Monday,16,73,0,0,0,0,1,0,0,0,1,0,0,1,0,1,1,0,1
Monday,16,254,0,1,1,0,0,1,0,0,1,1,2,0,1,1,0,2,1
Monday,16,147,0,0,0,0,0,0,0,0,0,0,0,2,0,0,1,0,2
Monday,16,46,0,0,0,0,0,0,0,0,0,0,0,0,0,0,0,0,0
Monday,16,167,0,0,0,0,0,0,0,0,1,0,0,2,0,0,1,0,4
Monday,16,210,0,0,0,0,0,0,0,0,0,0,0,2,0,0,1,1,3
Monday,16,282,1,0,1,0,0,1,0,1,0,0,1,1,1,0,0,2,2
Monday,15,306,4,0,1,0,0,1,0,0,1,0,0,2,1,0,0,1,3
Monday,15,234,2,0,1,0,0,1,0,0,1,0,0,2,0,0,2,0,3
Monday,15,94,0,1,0,0,0,0,0,0,0,0,0,0,0,0,0,1,0
Monday,15,150,0,0,0,0,0,0,0,2,1,1,2,0,1,1,0,2,1
Monday,15,280,0,1,0,0,0,0,0,0,1,0,0,3,0,1,2,0,5
Monday,15,197,0,2,2,0,0,1,0,0,0,0,0,1,0,0,0,0,2
Monday,15,280,0,1,0,1,0,0,0,0,1,0,0,3,0,1,2,0,5
Monday,15,300,2,0,1,5,0,1,0,0,2,0,0,3,0,0,0,0,5
Monday,14,302,0,1,1,0,0,1,0,0,3,0,0,1,0,0,0,2,3
Monday,14,160,0,0,0,1,0,0,0,0,1,0,0,2,0,1,1,0,2
Monday,14,196,0,0,0,0,0,0,0,0,1,0,0,2,0,0,1,1,3
Monday,14,106,1,1,0,3,0,0,0,0,0,0,1,1,0,0,0,1,1
Monday,14,300,0,0,1,1,0,1,0,0,1,0,0,3,0,1,2,0,5
Monday,14,92,0,0,0,0,0,0,0,0,3,1,2,3,1,2,2,1,3
Monday,14,106,0,0,1,1,0,1,0,0,0,0,0,1,0,0,0,0,1
Monday,14,182,0,0,0,0,0,0,0,1,0,0,1,0,1,0,0,1,0
Monday,14,282,0,0,1,0,0,1,0,0,5,0,0,5,0,2,4,1,6
Monday,14,126,0,0,1,0,0,1,0,0,1,0,0,2,0,1,0,0,2
Monday,14,304,1,1,1,2,0,1,0,0,1,0,0,2,0,0,1,0,3
Monday,13,96,0,0,0,0,0,0,0,0,1,0,0,2,0,1,0,0,2
Monday,13,236,0,0,1,1,0,1,0,0,2,0,0,2,0,1,1,0,4
Monday,13,136,0,0,2,1,0,1,0,0,1,0,0,2,0,1,0,0,2
Monday,13,202,0,0,1,0,0,1,0,0,1,0,0,2,2,1,1,1,2
Monday,13,27,0,0,0,0,0,0,0,0,0,0,0,0,0,0,0,0,1
Monday,13,98,0,0,0,0,0,0,0,0,1,0,0,3,0,1,0,0,3
Monday,13,307,0,0,1,1,0,1,0,0,1,0,0,3,0,1,1,0,4
Monday,13,242,1,0,1,0,0,1,0,0,1,0,0,0,1,0,0,1,2
Monday,13,180,0,0,0,0,0,0,0,0,1,0,0,2,0,1,0,0,2
Monday,13,230,1,1,0,3,0,0,0,1,0,1,1,1,2,0,0,4,2
Monday,13,140,0,0,1,0,0,1,0,0,1,0,0,2,0,1,0,0,2
Monday,13,298,0,0,1,3,0,1,0,0,1,0,0,2,0,1,1,0,4
Monday,12,101,0,0,1,5,0,1,0,0,0,0,0,1,0,0,0,0,1
Monday,12,287,0,0,1,0,0,1,0,0,0,0,0,1,0,0,1,0,3
Monday,12,303,0,0,1,1,0,1,0,0,0,0,0,0,0,0,1,1,0
Monday,12,227,0,0,0,0,0,0,0,0,1,0,0,3,0,1,1,0,3
Monday,12,300,0,0,1,2,0,1,0,0,1,0,0,4,0,1,1,0,5
Monday,12,305,0,0,2,2,0,1,0,0,3,0,0,6,0,2,1,0,9
Monday,12,176,0,1,1,2,0,1,0,0,1,0,0,3,0,1,1,0,3
Monday,12,233,0,1,0,0,0,0,0,0,1,0,0,1,0,0,0,0,1
Monday,12,134,0,0,1,0,0,1,0,0,1,0,0,2,0,1,0,0,2
Monday,11,137,0,1,0,4,0,0,0,0,1,0,0,1,1,0,0,1,1
Monday,11,269,0,0,1,0,0,1,0,1,0,0,0,2,1,0,0,3,3
Monday,11,71,0,0,0,0,0,0,0,1,0,1,1,0,1,0,0,1,0
Monday,11,131,0,0,0,0,0,0,0,0,1,0,0,2,0,1,0,0,2
Monday,11,304,1,0,4,0,0,1,0,0,2,0,0,2,0,0,1,0,7
Monday,11,92,0,0,0,0,0,0,0,0,0,0,0,1,0,0,0,0,1
Monday,11,280,0,0,0,0,0,0,0,0,1,0,0,3,0,1,4,0,6
Monday,10,277,0,1,1,0,0,1,0,0,1,0,0,2,0,0,1,0,3
Monday,10,210,1,1,1,14,0,1,0,0,1,0,0,2,0,0,2,0,4
Monday,10,52,0,0,0,0,0,0,0,1,0,1,1,1,1,0,0,2,1
Monday,10,295,0,0,1,1,0,1,0,0,1,0,0,5,0,1,1,0,5
Monday,10,183,0,0,1,5,0,1,0,0,1,0,0,3,0,1,1,1,3
Monday,10,255,0,1,0,0,0,0,0,0,0,1,1,4,0,0,3,1,4
Monday,9,77,0,0,0,0,0,0,0,0,1,0,0,2,0,1,0,0,2
Monday,9,109,0,0,0,1,0,0,0,0,1,0,0,2,0,1,0,0,2
Monday,9,176,0,0,0,0,0,0,0,0,0,1,0,1,1,0,0,2,1
Monday,9,70,1,0,0,0,0,0,0,0,0,0,0,0,2,0,0,1,0
Monday,9,113,0,0,0,0,0,0,0,0,0,0,0,1,0,0,0,1,1
Monday,9,37,0,0,0,0,0,0,0,0,0,0,0,0,0,0,0,0,1
Monday,8,65,0,0,0,0,0,0,0,0,0,0,0,0,0,0,0,0,0
Monday,8,303,0,0,1,0,0,1,0,1,1,2,1,2,0,2,2,3,3
Monday,8,255,0,0,0,0,0,0,0,0,1,0,0,2,0,0,1,0,3
Monday,8,308,0,1,1,0,0,1,0,2,1,0,0,1,1,0,0,2,1
Monday,8,279,0,0,0,0,0,0,0,0,1,0,0,3,0,1,5,1,5
Monday,8,278,1,1,1,10,0,1,0,0,1,0,0,2,0,1,0,1,3
Monday,8,281,0,0,4,2,0,1,0,0,1,0,0,3,0,1,2,0,5
Monday,6,109,0,0,0,0,0,0,0,0,1,0,0,1,0,0,2,0,3
Monday,6,150,0,0,0,0,0,0,0,1,0,1,2,2,1,2,0,3,2
Monday,6,300,0,1,1,0,0,1,0,0,1,0,0,2,0,1,1,0,2
Monday,5,30,0,0,0,0,0,0,0,0,0,0,0,0,0,0,0,0,0
Monday,5,142,0,0,1,1,0,1,0,0,1,0,0,2,0,1,0,0,2
Monday,4,131,1,1,0,3,0,0,0,0,0,0,0,1,0,0,0,0,1
Monday,4,61,0,0,0,0,0,0,0,0,0,0,0,0,0,0,0,0,0
Monday,4,203,0,0,0,0,0,0,0,0,0,0,0,2,0,1,0,0,2
Monday,4,181,0,0,1,7,0,1,0,0,1,0,0,2,0,1,0,0,2
Monday,4,98,1,1,0,0,0,0,0,0,0,0,0,0,0,0,0,1,0
Monday,4,165,1,1,0,0,0,0,0,1,0,1,1,1,2,0,0,3,2
Monday,4,207,1,1,0,0,0,0,0,0,0,0,0,2,0,1,0,1,2
Monday,3,20,0,0,0,0,0,0,0,0,0,0,0,1,0,0,0,0,1
Monday,3,191,2,0,0,2,0,0,0,0,0,1,0,0,0,0,0,1,0
Monday,3,249,0,0,0,0,0,0,0,0,1,0,0,2,0,2,1,1,3
Monday,3,142,0,0,0,0,0,0,0,0,2,0,0,4,0,1,1,0,4
Monday,3,201,0,1,0,0,0,0,0,0,0,0,0,2,0,0,0,2,2
Monday,3,30,0,0,0,0,0,0,0,0,0,0,0,0,0,0,0,0,0
Monday,3,104,0,0,0,0,0,0,0,0,0,0,0,1,0,0,0,0,1
Monday,3,186,0,0,0,0,0,0,0,0,0,0,1,1,0,0,0,2,2
Monday,2,72,0,0,0,0,0,0,0,1,0,0,0,1,0,0,0,2,1
Monday,2,141,0,0,0,0,0,0,0,0,0,0,0,1,0,0,0,0,2
Monday,2,102,0,0,0,0,0,0,0,0,0,0,0,1,0,0,0,0,1
Monday,2,89,1,1,0,0,0,0,0,0,0,0,0,1,0,0,0,1,1
Monday,2,115,1,1,0,0,0,0,0,0,1,0,0,1,0,0,2,1,1
Monday,2,125,1,1,0,0,0,0,0,0,1,0,0,1,0,0,2,1,1
Monday,2,257,0,1,0,0,0,0,0,1,0,1,0,2,2,0,0,2,2
Monday,2,149,0,1,0,0,0,0,0,0,0,0,0,1,0,0,1,1,2
Monday,2,100,0,0,0,0,0,0,0,0,0,0,0,1,0,0,1,1,2
Monday,2,239,0,0,0,0,0,0,0,0,2,1,1,5,0,0,2,1,5
Monday,2,86,1,1,0,0,0,0,0,0,0,0,0,1,0,0,0,1,1
Monday,2,54,0,0,0,0,0,0,0,0,0,0,1,1,1,0,0,1,1
Monday,1,131,1,1,0,0,0,0,0,0,0,0,0,1,0,0,0,1,1
Monday,1,100,0,1,0,0,0,0,0,0,0,0,0,0,0,0,0,1,0
Monday,1,79,1,1,0,0,0,0,0,0,0,0,0,0,0,0,0,1,0
Monday,1,155,0,0,0,0,0,0,0,1,0,0,0,1,0,0,0,1,1
Tuesday,0,227,0,0,0,0,0,1,0,0,1,0,0,1,2,2,1,2,2
Tuesday,0,52,0,0,0,0,0,0,0,0,0,0,0,0,0,0,0,0,0
Tuesday,0,115,0,0,0,1,1,0,0,1,1,1,1,0,1,0,0,1,1
Tuesday,0,66,0,0,1,0,0,1,0,0,0,0,0,0,0,0,0,0,0
Tuesday,0,281,0,2,0,3,0,0,0,1,2,1,1,0,1,0,0,1,4
Tuesday,0,45,0,0,0,0,0,0,0,0,0,0,0,0,0,0,0,0,0
Tuesday,0,120,0,0,0,0,0,0,0,0,1,0,0,1,0,0,1,0,2
Tuesday,0,175,0,1,1,0,0,1,0,0,0,0,0,0,0,0,0,1,1
Tuesday,0,196,0,1,0,0,0,0,0,0,0,0,0,0,0,0,0,0,2
Monday,23,290,1,2,2,2,0,1,0,2,1,1,2,0,1,0,0,2,4
Monday,23,240,0,0,0,0,0,0,0,0,1,0,0,1,0,1,2,1,3
Monday,23,128,1,1,0,0,0,0,0,1,0,0,1,0,0,0,0,3,0
Monday,23,5,0,0,0,0,1,0,0,0,1,0,0,1,0,1,1,0,1
Monday,23,255,0,0,0,0,0,0,0,1,0,0,1,0,0,0,0,1,0
Monday,23,29,0,0,0,0,1,0,0,0,0,0,0,0,0,0,0,0,0
Monday,22,19,0,0,0,0,0,0,0,0,0,0,0,0,0,0,0,0,0
Monday,22,255,0,0,1,0,0,1,0,1,0,1,0,1,0,0,2,1,2
Monday,22,251,0,0,0,0,0,0,0,0,0,1,0,0,0,0,2,2,1
Monday,22,51,0,0,0,0,0,0,0,0,1,0,0,1,0,0,1,0,1
Monday,22,49,0,0,0,0,0,0,0,1,0,0,0,0,0,0,0,1,0
Monday,22,106,0,0,0,0,0,0,0,0,0,0,0,0,0,0,0,0,0
Monday,22,78,0,0,0,0,0,0,0,0,0,0,0,0,0,0,0,0,0
Monday,22,265,0,1,1,3,0,1,0,0,1,0,0,0,0,0,2,0,1
Monday,22,76,0,0,0,0,0,0,0,0,0,0,0,0,0,0,0,0,0
Monday,22,123,0,0,0,0,0,0,0,0,0,0,0,0,0,0,0,0,0
Monday,22,43,0,0,0,0,0,0,0,0,0,0,0,0,0,0,0,0,0
Monday,22,88,0,0,0,0,0,0,0,0,0,0,0,1,0,0,0,0,1
Monday,22,20,0,0,0,0,1,0,0,0,0,0,0,0,0,0,0,0,0
Monday,22,189,2,1,0,1,0,0,0,1,0,0,0,0,0,0,0,0,0
Monday,22,290,1,0,0,0,0,1,0,0,1,0,1,0,0,0,0,1,0
Monday,22,118,0,1,0,0,0,0,0,1,0,1,1,0,1,0,0,1,0
Monday,22,74,0,0,1,0,0,1,0,0,0,0,0,0,0,0,0,0,0
Monday,21,157,1,0,0,0,0,0,0,0,0,0,0,0,0,0,1,0,1
Monday,21,72,0,0,0,0,0,0,0,1,0,1,1,0,1,0,0,1,2
Monday,21,48,0,0,1,0,0,1,0,0,0,0,0,0,0,0,0,0,0
Monday,21,128,0,0,0,0,0,0,0,1,0,3,1,1,1,0,0,2,3
Monday,20,130,2,0,0,0,1,0,0,0,1,0,0,2,0,1,0,0,5
Monday,20,69,0,0,0,0,0,0,0,0,0,0,0,0,0,0,0,0,0
Monday,20,36,0,0,0,0,0,0,0,0,0,0,0,0,0,0,0,0,0
Monday,20,254,0,0,0,0,0,0,0,1,1,0,1,2,1,0,1,1,4
Monday,20,105,0,0,0,0,0,0,0,1,1,1,0,0,0,0,0,1,0
Monday,20,59,0,0,0,0,0,0,0,0,0,0,0,0,0,0,0,1,0
Monday,20,19,0,0,0,0,0,0,0,0,1,0,1,1,0,0,1,0,1
Monday,20,181,0,0,0,0,0,0,0,1,0,0,1,0,0,0,1,1,0
Monday,20,253,0,0,1,0,0,1,0,1,1,1,1,4,2,0,4,0,4
Monday,20,108,0,0,0,0,0,0,0,0,0,0,0,0,0,0,0,1,0
Monday,20,226,0,0,1,4,0,1,0,0,1,0,0,0,0,0,0,0,3
Monday,19,134,1,1,0,3,0,0,0,1,0,1,1,0,1,0,0,1,0
Monday,19,18,0,0,0,0,0,0,0,0,0,0,0,0,0,0,0,1,0
Monday,19,255,0,1,0,0,0,0,0,0,1,0,1,2,1,2,1,2,4
Monday,19,29,0,0,0,0,0,0,0,0,0,0,0,0,0,0,0,0,0
Monday,19,47,0,0,0,0,0,0,0,0,0,0,0,0,0,0,0,1,0
Monday,19,56,0,0,0,0,0,0,0,0,1,0,0,0,0,0,0,0,1
Monday,19,263,0,1,1,3,0,1,0,1,1,0,1,0,0,0,1,1,0
Monday,19,302,0,1,1,3,0,1,0,1,1,0,1,0,0,0,2,1,0
Monday,19,103,0,0,0,0,0,0,0,0,0,0,0,0,0,0,0,0,0
Monday,19,92,1,1,0,0,0,0,0,1,0,1,1,0,1,0,0,1,0
Monday,19,92,1,1,0,0,0,0,0,1,0,1,1,0,1,0,0,1,0
Monday,18,47,0,0,0,1,1,0,0,0,0,0,0,0,0,0,0,0,0
Monday,18,43,0,0,0,2,1,0,0,0,0,0,0,0,1,1,0,1,0
Monday,18,255,0,0,0,0,0,0,0,1,2,2,0,0,1,0,1,3,2
Monday,18,72,0,0,0,0,0,0,0,0,2,0,0,1,0,1,1,0,1
Monday,18,98,0,1,0,0,0,0,0,1,1,1,2,0,1,0,0,1,0
Monday,18,249,0,0,0,0,0,0,0,0,2,0,0,0,0,0,1,0,1
Monday,18,92,1,1,0,0,0,0,0,1,0,1,1,0,1,0,0,1,0
Monday,18,264,0,1,1,3,0,1,0,1,1,0,1,0,1,0,1,1,0
Monday,17,255,0,0,0,0,0,0,0,0,1,0,1,1,1,1,1,1,2
Monday,17,100,0,0,0,0,0,0,0,0,1,0,0,0,0,0,1,0,0
Monday,17,42,0,0,0,0,0,0,0,1,0,1,1,0,1,0,0,1,0
Monday,17,130,0,0,1,0,0,1,0,0,0,0,0,1,0,0,1,0,1
Monday,17,300,1,1,1,0,0,1,0,1,1,1,4,0,2,0,0,3,1
Monday,17,255,0,1,1,2,0,1,0,0,1,0,0,0,0,0,0,0,1
Monday,16,48,0,0,0,1,0,0,0,0,0,0,0,0,0,0,0,0,1
Monday,16,130,0,0,1,0,0,1,0,0,1,0,0,0,0,0,0,0,1
Monday,16,15,0,0,0,0,1,0,0,0,0,0,0,0,0,0,0,0,0
Monday,16,164,0,1,0,1,0,0,0,0,0,1,0,0,0,0,0,1,1
Monday,16,30,0,0,0,0,0,0,0,0,1,0,0,2,0,1,2,0,2
Monday,16,19,0,0,0,0,1,0,0,0,0,0,0,0,0,0,0,0,0
Monday,15,21,0,0,0,0,0,0,0,0,0,0,0,0,0,0,0,0,0
Monday,15,72,0,0,0,0,1,0,0,0,0,0,0,0,0,0,0,0,0
Monday,15,24,0,0,0,0,0,0,0,0,0,0,0,0,0,0,0,0,0
Monday,15,194,0,0,0,0,0,0,0,0,1,0,0,0,0,0,1,1,1
Tuesday,0,115,0,0,0,0,0,0,0,1,1,1,0,0,1,0,0,3,0
Tuesday,0,164,0,0,0,0,0,0,0,0,0,0,0,0,0,0,0,0,1
Tuesday,0,16,0,0,0,0,0,0,0,0,0,0,0,0,0,0,0,0,0
Tuesday,0,48,0,0,0,0,1,0,0,0,0,0,0,0,0,0,0,0,0
Tuesday,0,278,0,0,0,0,0,0,0,0,4,0,0,0,0,1,0,0,4
Tuesday,0,290,0,1,1,13,0,1,0,1,0,0,1,0,0,0,0,1,1
Tuesday,0,38,0,0,0,0,1,0,0,0,0,0,0,0,0,0,0,0,0
Tuesday,0,274,0,0,0,0,0,0,0,0,2,1,0,0,0,1,2,0,3
Tuesday,0,300,1,0,1,0,0,1,0,1,0,0,0,1,1,0,3,1,4
Tuesday,0,41,0,0,0,0,0,0,0,0,0,0,0,1,0,0,1,0,1
Tuesday,0,18,0,0,0,0,0,0,0,0,0,0,0,1,0,0,1,0,1
Tuesday,0,35,0,0,0,0,0,0,0,0,0,0,0,1,0,0,1,0,1
Tuesday,0,35,0,0,0,0,0,0,0,0,0,0,0,1,0,0,1,0,1
Tuesday,0,22,0,0,0,0,0,0,0,0,0,0,0,1,0,0,1,0,1
Tuesday,0,37,0,0,0,0,0,0,0,0,0,0,0,1,0,0,1,0,1
Tuesday,0,21,0,0,0,0,0,0,0,0,0,0,0,1,0,0,1,0,1
Tuesday,0,24,0,0,0,0,0,0,0,0,0,0,0,1,0,0,1,0,1
Tuesday,0,24,0,0,0,0,0,0,0,0,0,0,0,1,0,0,1,0,1
Tuesday,0,43,0,0,0,0,0,0,0,0,0,0,0,1,0,0,1,0,1
Tuesday,0,42,0,0,0,0,0,0,0,0,0,0,0,1,0,0,1,0,1
Tuesday,0,174,1,1,1,4,0,1,0,0,0,0,0,0,0,0,0,0,0
Tuesday,0,37,0,0,0,0,0,0,0,0,0,0,0,0,0,0,0,0,0
Tuesday,0,49,0,0,0,0,0,0,0,0,1,0,0,0,0,0,0,0,0
Tuesday,0,35,0,0,0,0,0,0,0,0,0,0,0,1,0,0,0,0,1
Tuesday,0,45,0,0,0,0,0,0,0,0,0,0,0,0,0,0,0,0,0
Tuesday,0,110,0,0,0,0,0,0,0,0,1,0,0,1,1,1,1,1,1
Tuesday,0,43,0,0,0,0,0,0,0,0,0,0,0,1,0,0,1,0,1
Monday,23,103,0,0,0,0,0,0,0,0,0,0,0,0,0,0,0,0,0
Monday,23,195,0,0,0,0,0,0,0,0,2,1,1,1,1,0,3,1,3
Monday,23,9,0,0,0,0,1,0,0,0,0,0,0,0,0,0,0,0,0
Monday,23,64,0,0,0,0,0,0,0,0,0,0,1,0,0,0,0,0,0
Monday,23,118,0,0,0,0,0,0,0,0,0,0,0,0,0,0,0,0,0
Monday,23,38,0,0,0,0,0,0,0,0,0,0,0,1,0,0,1,0,1
Monday,23,297,0,1,1,14,0,1,0,0,2,0,1,1,0,0,2,0,3
Monday,23,56,0,0,0,0,0,0,0,0,1,0,1,1,1,0,0,2,2
Monday,23,4,0,0,0,0,0,0,0,0,0,0,0,0,0,0,0,0,0
Tuesday,0,255,0,0,0,0,0,0,0,0,1,0,0,1,0,1,3,0,4
Tuesday,0,255,0,0,0,0,0,0,0,1,1,0,2,1,1,0,3,3,2
Monday,23,218,0,0,0,0,0,0,0,1,0,1,0,0,0,0,1,1,3
Monday,23,255,0,0,0,0,0,0,0,0,3,0,0,2,0,1,2,1,3
Monday,23,117,0,0,0,0,0,0,0,0,0,0,0,0,0,0,0,0,0
Monday,23,114,0,0,1,0,0,1,0,0,0,0,0,0,1,0,0,1,0
Monday,23,181,0,0,0,0,0,0,0,0,1,0,1,1,0,0,1,1,2
Monday,23,148,0,0,0,0,1,0,0,2,0,2,1,0,1,0,0,2,1
Monday,23,77,0,0,0,0,0,0,0,0,0,0,0,0,0,0,0,1,0
Monday,23,193,0,0,0,0,0,0,0,0,0,0,0,0,1,1,0,1,0
Monday,22,152,0,0,0,0,0,0,0,0,0,0,0,0,0,0,1,1,1
Monday,22,50,1,0,0,0,0,0,0,0,1,0,0,0,0,1,0,1,1
Monday,22,160,0,0,1,4,0,1,0,0,0,0,0,1,0,0,1,0,1
Monday,22,97,0,0,0,0,0,0,0,1,1,1,0,0,0,0,0,2,0
Monday,22,96,0,0,0,0,0,1,0,0,0,0,0,0,0,0,0,0,0
Monday,22,312,0,0,1,0,0,1,0,2,1,0,0,1,0,1,1,2,1
Monday,21,25,0,0,0,0,1,0,0,0,0,0,0,0,0,0,0,0,0
Monday,21,76,0,0,0,0,0,0,0,0,0,0,0,1,0,0,0,0,1
Monday,21,255,0,1,0,0,0,0,0,1,1,0,1,1,2,1,4,2,3
Monday,21,135,0,0,1,0,1,1,0,1,0,1,1,1,1,0,1,1,2
Monday,21,71,0,0,0,0,1,0,0,0,0,0,0,0,0,0,0,0,1
Monday,21,50,0,0,0,0,0,0,0,0,0,0,0,0,0,0,0,0,0
Monday,21,46,0,0,0,0,0,0,0,0,0,0,0,0,0,0,0,0,0
Monday,21,109,0,0,0,0,0,0,0,0,0,0,1,0,1,1,2,1,2
Monday,21,112,0,0,0,0,0,0,0,1,0,0,0,0,0,0,1,1,1
Monday,21,166,0,1,1,0,0,1,0,0,1,0,0,0,0,0,0,0,0
Monday,21,124,0,0,0,0,0,0,0,0,1,1,0,1,0,0,0,0,1
Monday,21,47,0,0,0,1,0,0,0,0,0,0,0,0,0,0,0,0,0
Monday,20,82,0,1,0,0,0,0,0,1,0,1,0,0,0,0,0,1,0
Monday,20,63,0,0,0,0,0,0,0,0,0,0,0,0,0,0,0,0,0
Monday,20,113,0,0,0,0,0,0,0,0,0,0,0,0,0,0,0,0,0
Monday,20,101,0,0,0,0,0,0,0,0,0,0,0,0,0,0,0,0,0
Monday,20,52,0,0,0,0,0,0,0,0,0,0,0,0,0,0,0,0,0
Monday,20,160,0,0,0,0,0,0,0,0,1,0,0,0,0,1,1,0,0
Monday,20,136,0,0,0,0,0,0,0,0,0,0,0,0,0,0,0,0,0
Monday,20,150,0,0,0,1,0,0,0,1,0,0,0,0,1,0,0,2,0
Monday,20,232,0,0,1,0,0,1,0,0,0,1,0,0,0,0,1,2,2
Monday,20,121,0,0,0,0,0,0,0,0,1,0,0,1,0,1,1,0,3
Monday,20,93,0,0,0,0,0,0,0,0,1,0,0,1,0,1,1,0,2
Monday,20,43,0,0,0,0,0,0,0,0,0,0,0,0,0,0,1,0,0
Monday,20,95,0,0,0,0,0,0,0,0,0,0,0,0,0,0,0,0,0
Monday,20,99,0,0,0,0,0,0,0,0,0,0,0,0,0,0,1,0,1
Sunday,15,63,0,0,0,0,0,0,1,0,0,0,0,0,0,0,0,0,0
Saturday,1,196,0,0,2,0,0,1,1,0,1,0,0,1,0,0,1,0,2
Thursday,19,209,0,1,0,0,0,0,1,2,0,1,1,0,1,1,0,2,0
Wednesday,5,46,0,0,1,0,0,1,1,0,0,0,0,0,0,0,0,0,0
Sunday,14,191,0,0,0,0,0,0,1,1,2,2,0,3,1,3,2,2,4
Sunday,14,272,2,0,0,0,0,0,1,0,0,0,0,0,1,2,0,2,3
Friday,0,46,0,0,1,1,0,1,1,0,0,0,0,0,0,0,0,0,0
Thursday,17,140,0,0,1,0,0,1,1,0,1,1,1,1,1,0,1,2,1
Sunday,5,118,0,0,1,1,0,1,1,0,0,0,0,0,0,0,0,0,1
Sunday,4,55,0,0,1,0,0,1,1,0,0,0,0,0,0,0,0,0,0
Saturday,20,175,0,0,2,0,0,1,1,1,0,1,3,0,3,0,0,3,0
Sunday,2,79,0,0,0,2,0,1,1,0,0,0,0,0,0,0,0,0,0
Monday,5,37,0,0,0,0,0,0,1,0,0,0,0,0,0,0,0,0,0
Tuesday,18,230,3,0,1,0,0,1,1,1,3,1,0,0,0,1,1,1,2
Sunday,13,114,0,1,0,0,1,0,1,0,0,1,0,0,0,0,0,1,0
Thursday,22,128,0,0,0,0,0,0,1,0,0,0,0,1,0,0,1,0,1
Friday,19,57,0,0,1,0,0,1,1,0,0,0,0,0,0,0,0,0,0
Sunday,23,38,0,0,0,0,0,0,1,0,1,0,0,1,1,0,0,0,1
Sunday,16,83,0,0,0,0,0,0,1,0,1,0,0,0,0,0,0,0,1
Tuesday,19,120,0,0,0,0,0,1,1,0,1,0,0,1,0,0,0,0,1
Tuesday,19,67,1,0,0,1,0,1,1,0,0,0,0,0,0,0,0,0,0
Saturday,20,165,0,0,0,0,0,0,1,1,2,0,1,5,1,2,2,1,6
Tuesday,2,170,2,0,0,1,0,1,1,0,0,0,0,0,0,0,0,0,1
Friday,21,60,0,0,0,0,0,0,1,0,1,0,0,1,0,0,1,0,1
Sunday,1,286,0,0,0,3,0,1,1,0,1,0,0,0,1,0,0,1,1
Friday,3,135,0,0,0,0,0,1,1,0,1,0,2,0,1,0,0,1,2
Sunday,20,46,0,0,0,0,0,0,1,0,1,0,0,0,0,0,1,0,1
Sunday,10,36,0,0,0,0,0,0,1,0,0,0,0,0,0,0,0,0,0
Saturday,18,188,0,0,0,0,0,0,1,3,0,1,4,0,2,0,1,3,1
Thursday,20,274,0,1,0,0,0,0,1,1,1,1,1,0,1,0,1,3,1
Sunday,22,78,0,0,0,0,0,0,1,1,2,0,0,0,0,0,0,2,0
Thursday,1,178,0,0,0,0,0,0,1,1,0,0,0,0,1,0,1,1,2
Saturday,17,184,0,0,0,0,0,0,1,0,0,0,0,2,0,1,5,0,5
Saturday,21,244,0,0,1,0,0,1,1,0,3,0,1,0,0,0,0,1,1
Friday,2,131,0,0,0,1,0,1,1,0,0,0,0,0,0,0,0,0,1
Tuesday,4,33,0,0,0,0,0,0,1,0,1,0,0,0,0,0,1,0,1
Saturday,1,71,0,0,2,0,0,1,1,0,0,0,0,0,0,0,0,0,0
Thursday,18,197,0,0,0,0,0,0,1,0,1,0,0,0,0,0,0,0,1
Saturday,16,279,0,0,0,0,0,0,1,0,0,0,0,1,0,0,0,0,2
Saturday,5,264,0,1,0,1,0,0,1,0,4,0,0,5,0,1,4,0,5
Tuesday,1,115,0,0,1,0,0,1,1,0,1,0,0,0,0,0,0,0,0
Thursday,18,258,0,1,0,0,0,0,1,0,3,0,1,2,0,0,2,0,3
Thursday,5,179,0,0,0,0,0,0,1,0,0,0,1,0,1,0,1,2,2
Sunday,0,77,0,0,1,0,0,1,1,0,0,0,0,0,0,0,0,0,0
Tuesday,17,48,0,0,1,0,0,1,1,0,0,0,0,0,0,0,0,0,0
Thursday,0,67,0,0,1,0,0,1,1,0,0,0,0,0,0,0,0,0,0
Thursday,20,77,0,1,0,0,0,0,1,0,0,0,0,0,0,0,0,0,0
Tuesday,20,78,0,0,1,0,0,1,1,0,0,0,0,0,0,0,0,0,0
Tuesday,2,145,0,0,1,0,0,1,1,0,0,0,0,0,0,0,0,0,0
Wednesday,18,49,0,0,1,0,0,1,1,0,0,0,0,0,0,0,0,0,0
Friday,18,109,0,1,0,0,0,0,1,0,0,0,0,0,0,0,0,1,0
Thursday,3,133,0,0,0,0,0,0,1,0,0,0,0,0,0,0,0,0,1
Wednesday,15,117,0,1,0,0,0,0,1,0,0,0,0,0,0,1,0,0,0
Sunday,6,117,0,0,0,0,0,0,1,0,0,0,0,0,0,0,0,1,1
Wednesday,8,118,0,0,0,0,0,0,1,0,1,0,0,1,1,1,1,0,2
Wednesday,14,282,0,0,0,0,0,0,1,0,1,1,0,1,0,0,3,1,2
Friday,18,115,0,0,0,0,0,0,1,1,0,1,0,0,0,0,0,1,0
Sunday,18,193,0,0,2,0,0,1,1,0,0,1,0,0,0,0,1,1,2
Sunday,8,188,1,0,0,0,0,0,1,0,1,0,0,1,0,0,0,0,2
Sunday,20,102,0,0,0,0,0,0,1,0,1,1,0,0,0,0,1,1,0
Wednesday,22,127,0,0,0,0,0,0,1,0,1,2,1,0,1,0,0,2,0
Sunday,17,86,0,0,2,0,0,1,1,0,1,0,0,1,0,1,0,0,2
Sunday,16,34,0,0,0,0,0,0,1,0,0,0,0,0,0,0,0,0,1
Monday,11,293,1,0,3,1,0,1,1,0,1,0,0,1,0,0,1,0,2
Wednesday,4,302,0,1,1,0,0,1,1,0,3,0,0,3,0,3,1,0,5
Saturday,21,238,0,0,0,0,0,0,1,0,2,0,0,2,1,1,2,0,3
Monday,11,301,0,0,2,0,0,1,1,1,1,0,1,1,1,0,1,1,2
Sunday,0,155,0,0,0,0,0,0,1,0,0,0,1,0,0,0,1,3,0
Sunday,4,300,1,0,3,0,0,1,1,0,2,0,1,2,1,2,0,1,3
Wednesday,13,282,1,0,1,1,0,1,1,0,1,0,0,4,0,1,0,0,4
Sunday,20,61,0,0,0,0,0,1,1,0,0,0,0,0,0,0,1,0,1
Thursday,9,167,0,0,0,0,1,0,1,0,0,0,0,0,0,0,0,0,0
Saturday,1,212,1,0,1,0,0,1,1,0,0,0,0,0,1,0,0,1,0
Wednesday,13,230,1,0,1,0,0,1,1,0,0,0,0,0,0,0,0,0,1
Thursday,13,154,1,0,1,0,0,1,1,0,0,0,0,2,0,0,0,1,4
Tuesday,22,125,0,0,0,0,0,0,1,0,1,1,0,0,0,0,1,2,2
Friday,11,129,0,0,1,1,0,1,1,1,0,1,1,0,1,0,0,1,0
Thursday,16,236,0,0,0,0,0,0,1,0,0,0,0,0,0,0,0,0,0
Tuesday,21,222,0,0,1,0,0,1,1,0,0,0,1,0,1,0,0,2,0
Thursday,18,41,0,0,0,0,0,0,1,0,0,0,0,0,0,0,0,0,1
Friday,13,199,1,0,1,0,0,1,1,0,0,0,0,0,0,0,0,0,2
Friday,15,243,1,0,1,0,0,1,1,0,1,0,0,1,0,1,0,0,1
Friday,15,284,0,0,0,1,0,0,1,0,2,0,3,0,0,1,3,2,2
Saturday,22,293,0,0,1,0,0,1,1,0,2,0,1,1,0,0,1,0,1
Wednesday,1,168,1,0,1,0,0,1,1,0,0,0,0,0,0,0,0,0,1
Tuesday,13,160,1,0,1,0,0,1,1,0,0,0,0,1,0,0,0,0,1
Saturday,13,163,1,0,1,0,0,1,1,0,0,0,0,1,0,0,0,0,3
Thursday,2,171,1,0,1,0,0,1,1,0,0,0,1,0,0,0,0,0,0
Tuesday,13,156,1,0,1,0,0,1,1,0,0,0,0,0,0,0,0,0,0
Wednesday,1,143,1,0,1,0,0,1,1,0,0,0,0,0,0,0,0,0,4
Friday,4,139,0,0,0,0,0,0,1,0,0,1,1,0,0,0,0,0,0
Tuesday,18,144,0,0,1,0,0,1,1,0,0,0,0,0,0,0,1,1,0
Saturday,20,197,1,0,0,0,0,0,1,1,2,2,1,0,0,1,1,3,1
Monday,14,274,0,0,0,0,0,0,1,2,1,2,3,0,3,1,1,3,1
Friday,15,253,0,0,0,1,0,0,1,0,0,0,0,0,0,0,0,0,1
Thursday,13,67,1,0,2,0,0,1,1,0,0,0,0,0,0,0,0,0,0
Wednesday,21,274,0,0,0,0,0,0,1,0,1,0,1,0,0,0,2,2,1
Monday,1,129,0,0,0,2,0,0,1,1,2,0,1,0,0,0,0,1,0
Sunday,12,56,0,0,2,0,0,1,1,0,0,0,0,0,0,0,0,0,0
Wednesday,20,297,0,0,4,3,0,1,1,0,1,3,1,1,1,1,1,2,2
Tuesday,14,90,0,0,0,0,0,0,1,0,0,0,0,0,0,0,1,0,0
Tuesday,12,80,0,0,0,0,1,0,1,0,0,0,0,0,0,0,1,1,0
Monday,3,308,0,1,4,1,0,1,1,0,0,0,2,0,3,1,1,4,0
Tuesday,15,178,0,0,0,0,0,0,1,0,1,0,2,0,1,0,1,3,2
Wednesday,20,258,0,0,0,0,0,0,1,1,1,0,1,2,1,1,2,2,2
Sunday,20,50,0,0,2,0,0,1,1,0,0,0,0,0,0,0,0,0,0
Friday,20,236,0,0,0,0,0,0,1,0,1,0,0,1,1,0,0,0,1
Tuesday,17,129,0,1,0,0,0,0,1,1,1,0,0,1,2,1,1,1,1
Friday,13,265,0,0,0,0,0,0,1,3,1,1,2,1,1,0,0,4,1
Thursday,2,254,1,0,1,0,0,1,1,0,1,0,0,0,0,1,2,1,2
Thursday,20,287,0,0,0,0,0,0,1,1,1,2,1,1,1,0,1,2,2
Monday,23,272,0,0,0,0,0,0,1,1,2,2,0,0,1,1,0,3,1
Friday,14,180,1,0,0,0,0,0,1,1,2,1,1,2,1,2,1,2,2
Wednesday,10,280,0,0,0,0,0,0,1,1,2,1,3,0,0,0,1,5,4
Monday,14,141,0,0,0,0,1,0,1,0,1,0,1,0,0,0,1,0,1
Wednesday,16,244,0,0,0,0,1,0,1,0,3,0,0,0,0,0,0,0,1
Tuesday,0,293,0,0,1,0,0,1,1,0,2,0,0,2,2,1,2,2,2
Thursday,1,173,0,0,0,0,0,0,1,1,1,1,1,1,1,1,1,1,1
Wednesday,1,140,0,0,0,0,0,0,1,0,0,0,0,0,0,0,0,1,0
Tuesday,16,221,0,1,1,0,0,1,1,1,0,0,1,0,2,0,1,2,1
Monday,19,136,0,0,0,0,0,1,1,0,0,0,0,0,0,0,1,0,0
Thursday,22,303,0,0,1,2,0,1,1,0,1,0,0,2,0,1,2,0,3
Thursday,18,211,0,0,0,0,0,0,1,0,0,0,0,0,0,0,0,1,0
Monday,4,214,0,0,0,0,0,0,1,0,0,0,0,2,0,0,2,0,2
Thursday,14,99,0,0,0,0,1,0,1,0,0,0,0,0,0,0,1,0,1
Thursday,19,264,0,0,0,0,1,0,1,2,0,2,2,0,2,0,0,3,0
Saturday,22,198,0,0,0,0,0,0,1,0,0,0,0,0,1,0,1,0,1
Thursday,16,116,0,0,0,0,0,1,1,0,0,0,0,0,0,0,0,0,0
Sunday,1,216,0,0,0,0,0,0,1,0,0,0,0,0,0,0,0,0,0
Friday,2,198,0,1,0,0,1,0,1,0,0,0,0,0,0,0,0,1,1
Friday,0,284,1,0,0,0,0,0,1,1,1,0,0,1,2,1,3,1,5
Sunday,20,249,0,0,0,0,0,0,1,1,1,1,1,1,1,0,0,1,3
Wednesday,2,284,0,0,0,0,0,0,1,1,2,1,1,2,2,1,3,3,3
Wednesday,1,299,0,1,0,1,1,0,1,3,3,1,2,3,3,2,4,4,4
Tuesday,20,303,0,1,0,0,1,0,1,1,0,2,0,0,4,1,0,2,1
Tuesday,18,244,0,0,1,0,0,1,1,0,1,0,0,2,1,0,2,2,2
Tuesday,16,223,1,0,1,0,0,1,1,0,0,0,0,0,1,0,0,0,1
Tuesday,14,275,0,0,0,0,0,0,1,0,0,2,3,1,5,1,1,5,2
Friday,1,136,0,0,0,0,0,0,1,0,2,0,0,0,0,0,0,0,1
Friday,23,157,0,1,1,1,0,1,1,1,0,1,0,1,0,0,0,1,1
Saturday,18,138,0,0,0,0,0,0,1,0,2,1,0,1,1,0,1,0,1
Saturday,5,103,0,0,3,0,0,1,1,1,0,1,0,0,0,0,0,1,0
Friday,10,65,0,1,0,0,1,0,1,0,1,0,0,1,0,0,1,0,1
Tuesday,1,87,0,0,1,0,0,1,1,0,1,0,0,1,0,0,1,0,1
Friday,19,127,0,0,0,0,0,0,1,0,2,0,0,0,0,1,1,0,2
Monday,11,140,0,0,0,0,0,0,1,0,0,0,0,0,0,0,0,0,0
Sunday,12,101,1,0,1,0,0,1,1,0,0,0,0,0,0,0,1,1,0
Saturday,2,140,0,0,0,0,0,0,1,0,0,0,1,0,0,0,1,1,1
Monday,6,50,0,0,0,0,0,0,1,1,0,2,0,0,0,0,0,2,0
Sunday,16,90,0,0,0,0,0,0,1,0,0,0,0,0,0,0,0,0,1
Tuesday,1,46,0,0,1,0,0,1,1,0,1,0,0,1,0,1,1,0,1
Monday,15,145,0,0,0,0,0,1,1,0,1,0,0,1,0,0,1,0,1
Saturday,5,45,0,0,0,0,0,0,1,1,0,1,0,0,0,0,1,1,1
Friday,4,207,0,0,0,0,0,0,1,0,0,0,0,1,0,1,1,0,2
Saturday,4,140,0,0,0,0,0,0,1,0,0,0,0,0,0,0,0,0,0
Tuesday,1,86,0,0,0,0,0,0,1,0,0,0,0,1,0,1,1,0,1
Thursday,1,54,0,0,0,0,0,0,1,0,0,0,0,0,0,0,0,0,0
Monday,17,248,0,0,0,0,0,0,1,0,0,0,0,0,0,0,0,0,0
Sunday,18,61,0,0,1,0,0,1,1,1,0,1,1,0,1,0,0,1,0
Sunday,0,247,0,0,0,0,0,0,1,0,1,0,0,1,0,1,1,0,1
Monday,22,253,0,0,0,0,0,1,1,0,2,0,0,1,1,0,1,1,3
Wednesday,18,270,0,0,0,0,0,0,1,0,1,0,0,1,1,1,1,1,3
Tuesday,16,127,0,0,0,0,0,0,1,0,0,1,0,0,0,0,0,1,1
Tuesday,3,148,0,0,0,0,0,1,1,1,2,0,2,2,1,1,1,1,2
Monday,1,148,0,0,0,0,0,1,1,1,2,0,2,2,1,1,1,1,2
Tuesday,6,136,0,0,1,0,0,1,1,0,0,0,0,0,0,0,0,0,1
Wednesday,20,262,0,0,1,0,0,1,1,2,1,1,3,1,1,1,1,4,1
Sunday,23,264,0,0,0,0,0,0,1,0,2,1,0,1,0,0,1,1,1
Tuesday,22,226,0,0,0,0,1,0,1,2,1,1,1,1,0,0,1,1,1
Friday,11,71,0,0,2,0,0,1,1,0,0,0,0,0,0,0,0,1,0
Thursday,18,276,0,0,0,0,0,0,1,0,1,0,0,1,1,1,1,0,1
Friday,17,81,0,0,0,0,0,0,1,0,0,0,0,0,0,0,0,0,0
Friday,4,91,0,0,1,0,0,1,1,0,1,0,0,0,0,0,1,1,1
Wednesday,3,135,0,0,1,0,0,1,1,0,0,0,0,0,0,0,0,0,1
Wednesday,23,49,0,0,0,0,0,0,1,0,0,0,0,0,0,0,0,0,0
Tuesday,5,270,0,0,0,0,0,0,1,2,0,1,1,1,1,0,0,2,2
Sunday,1,119,0,0,0,0,0,0,1,0,1,0,0,0,0,0,0,0,0
Saturday,19,278,0,0,0,0,0,0,1,1,1,0,0,3,0,0,1,1,3
Saturday,0,106,0,0,2,0,0,1,1,0,0,0,0,0,0,0,0,0,0
Wednesday,3,36,0,0,0,0,0,0,1,0,0,0,0,0,0,0,0,0,1
Saturday,1,180,0,0,0,0,0,0,1,0,0,0,1,0,1,0,0,1,0
Tuesday,20,157,0,0,0,0,0,0,1,0,1,0,0,1,0,1,2,0,3
Friday,6,279,0,0,0,0,0,0,1,0,2,1,0,1,2,0,0,1,3
Friday,13,313,0,0,1,0,0,1,1,0,0,0,0,1,1,0,1,0,1
Monday,1,26,0,0,0,0,0,0,1,1,0,1,0,0,0,0,0,1,0
Friday,3,43,0,0,0,0,1,0,1,0,0,0,0,0,0,0,0,0,0
Saturday,1,280,0,0,0,0,0,0,1,0,1,0,0,2,2,0,2,1,3
Monday,5,147,0,0,0,0,0,1,1,1,0,1,1,0,1,0,0,2,0
Sunday,20,285,0,0,0,0,0,0,1,0,1,0,0,1,1,1,1,1,1
Sunday,2,181,0,0,0,0,0,0,1,0,0,0,0,0,0,0,0,0,1
Sunday,16,247,0,0,0,0,0,0,1,0,0,0,0,1,1,1,1,2,1
Friday,3,85,0,0,0,0,0,0,1,1,0,2,1,0,1,0,0,2,0
Wednesday,7,169,0,0,0,1,0,1,1,0,1,0,0,0,0,0,0,0,1
Sunday,18,277,1,0,0,1,0,0,1,0,1,1,1,0,0,0,0,2,3
Sunday,4,96,0,0,0,0,0,1,1,0,0,0,0,1,0,0,1,0,1
Saturday,19,207,1,0,0,2,0,1,1,0,1,0,0,0,0,0,0,0,1
Thursday,5,134,0,0,0,0,0,0,1,0,1,0,0,0,0,0,0,1,1
Friday,2,113,0,0,0,0,0,0,1,0,0,0,0,1,0,0,1,1,2
Tuesday,7,282,0,0,0,0,0,0,1,0,1,1,0,2,1,1,0,1,7
Wednesday,18,274,0,0,0,0,0,0,1,0,0,0,0,0,0,0,0,0,0
Monday,21,106,0,1,0,0,1,0,1,0,0,0,0,0,1,0,0,0,0
Wednesday,1,88,0,1,0,0,1,0,1,0,0,0,0,0,0,0,0,0,0
Wednesday,23,71,0,1,0,0,1,0,1,1,0,0,0,0,1,0,0,2,0
Thursday,22,140,0,0,0,0,0,0,1,0,0,0,0,0,0,0,0,0,0
Saturday,21,53,0,0,0,0,0,0,1,0,0,0,0,0,1,1,0,1,0
Wednesday,3,137,0,0,0,0,0,0,1,0,0,0,0,1,1,0,0,0,2
Wednesday,8,39,0,0,0,0,0,0,1,0,0,0,0,0,0,0,0,0,0
Wednesday,3,140,0,0,0,0,0,0,1,1,0,1,0,0,0,0,0,1,0
Tuesday,22,92,1,0,0,0,0,0,1,0,1,0,0,1,1,0,1,1,1
Saturday,21,145,0,1,0,0,1,0,1,0,1,0,1,0,0,1,0,1,0
Thursday,0,21,0,0,0,0,0,0,1,0,0,0,0,0,0,0,0,0,0
Saturday,4,140,0,0,0,0,0,0,1,0,2,0,1,1,0,0,1,0,3
Tuesday,6,100,0,0,0,1,0,0,1,0,0,0,0,0,0,0,0,0,1
Wednesday,21,17,0,0,0,0,0,0,1,0,1,0,0,0,0,0,0,0,0
Sunday,23,140,0,0,0,0,0,0,1,0,1,0,0,1,0,0,2,0,2
Wednesday,17,124,0,0,0,0,0,0,1,0,0,0,0,0,0,0,0,0,0
Saturday,4,66,0,0,0,0,0,0,1,0,1,0,0,1,0,1,1,0,1
Saturday,2,16,0,0,0,0,0,0,1,0,0,0,0,1,0,0,0,0,1
Saturday,16,151,0,0,1,0,0,1,1,0,1,0,0,1,0,0,1,1,1
Thursday,19,226,0,0,1,0,0,1,1,1,0,1,1,1,1,0,0,1,1
Monday,7,263,0,0,0,0,0,0,1,2,1,1,1,1,2,0,1,3,3
Sunday,17,132,0,0,0,0,0,0,1,0,2,0,0,2,0,0,0,1,2
Tuesday,21,140,0,1,0,0,0,0,1,0,0,0,1,0,0,0,0,0,0
Tuesday,19,105,0,0,1,0,0,1,1,0,0,0,0,0,0,0,0,0,0
Sunday,13,279,0,0,0,0,0,0,1,0,0,0,0,1,0,0,2,0,2
Monday,16,65,0,0,1,0,0,1,1,0,0,0,0,0,0,0,0,0,0
Sunday,10,52,0,0,0,0,0,0,1,0,0,0,0,0,0,0,1,0,1
Thursday,20,57,0,0,0,0,0,0,1,0,1,0,0,2,0,1,1,0,2
Wednesday,20,92,0,0,1,0,0,1,1,0,0,0,0,1,0,0,1,0,1
Thursday,9,124,0,0,0,0,0,0,1,0,0,0,0,0,0,0,1,0,1
Thursday,13,62,0,0,0,0,0,0,1,0,0,0,0,1,0,0,0,0,1
Wednesday,21,247,0,0,0,0,0,0,1,0,0,0,0,0,0,0,0,0,1
Tuesday,17,127,0,0,0,0,0,0,1,0,0,0,0,1,0,0,0,0,2
Saturday,19,241,0,0,0,0,0,0,1,0,0,0,0,1,1,0,0,2,1
Monday,16,199,0,0,0,0,1,0,1,0,1,1,0,1,0,1,1,4,2
Thursday,18,53,0,0,0,0,0,0,1,1,0,1,1,0,1,0,1,1,1
Thursday,3,65,0,0,1,0,0,1,1,0,0,0,0,0,0,0,0,0,0
Sunday,16,195,0,0,0,0,0,0,1,0,3,0,0,2,0,2,3,0,4
Thursday,10,112,1,0,0,0,0,0,1,1,1,1,1,0,1,0,0,2,2
Thursday,10,38,1,0,0,0,0,0,1,1,0,1,0,0,0,0,0,1,0
Monday,22,92,0,0,0,0,0,0,1,0,0,0,1,1,0,0,0,1,1
Thursday,6,42,0,0,0,0,0,0,1,0,0,1,0,0,0,0,1,1,1
Monday,15,51,0,0,0,0,0,0,1,0,1,0,0,2,0,1,1,0,2
Saturday,23,52,0,0,4,0,0,1,1,0,0,0,0,0,0,0,0,0,0
Friday,12,94,0,0,2,0,0,1,1,0,0,0,0,0,0,0,0,0,0
Sunday,18,266,1,1,0,0,0,0,1,1,1,0,0,1,0,1,1,0,2
Sunday,1,93,0,0,0,0,0,1,1,1,0,1,1,0,1,0,0,1,0
Tuesday,7,87,0,0,0,0,0,0,1,0,0,0,0,1,0,0,0,0,3
Sunday,1,69,0,0,0,0,0,0,1,1,0,0,1,1,1,0,0,1,1
Monday,2,279,0,0,0,0,0,0,1,0,1,1,0,1,0,1,1,1,1
Friday,14,251,0,0,0,0,0,0,1,0,1,0,0,2,0,0,3,0,3
Thursday,22,44,0,0,0,0,0,0,1,0,0,0,1,0,1,0,1,1,1
Thursday,19,117,0,0,0,0,0,0,1,0,0,0,0,1,0,0,0,0,2
Wednesday,22,275,0,0,0,0,0,0,1,4,4,2,3,5,3,2,4,3,6
Monday,20,227,0,0,1,0,0,1,1,2,1,0,2,1,0,0,1,2,2
Friday,23,172,0,0,0,0,0,0,1,1,0,1,1,1,1,0,1,3,2
Friday,21,141,0,0,1,0,0,1,1,0,0,0,0,0,0,1,0,1,1
Thursday,22,113,0,0,2,0,0,1,1,1,0,1,0,0,0,0,0,1,0
Friday,16,86,0,0,0,0,0,0,1,0,0,0,0,0,0,0,0,0,0
Thursday,20,139,0,0,2,0,0,1,1,0,0,0,0,0,0,1,0,1,1
Wednesday,0,78,0,0,0,0,0,0,1,0,0,0,0,1,0,0,0,0,1
Friday,8,103,0,0,0,0,0,0,1,0,2,0,0,1,0,1,1,2,2
Saturday,23,47,0,0,0,0,1,0,1,0,0,0,0,0,0,0,0,0,0
Tuesday,14,46,0,0,0,0,0,0,1,2,0,2,1,0,0,1,0,2,0
Saturday,17,61,0,0,0,0,0,0,1,0,0,0,0,0,0,0,1,0,1
Saturday,19,114,0,0,0,0,0,0,1,0,0,0,1,0,1,0,0,1,0
Wednesday,22,79,0,0,0,0,0,0,1,0,0,0,1,1,1,1,0,1,2
Thursday,17,280,0,0,0,0,0,0,1,0,1,0,0,1,1,0,1,0,1
Wednesday,12,250,0,0,0,0,0,0,1,1,1,0,0,1,0,1,1,0,3
Wednesday,2,82,0,0,1,0,0,1,1,0,1,0,0,0,0,0,0,0,0
Thursday,20,63,0,0,2,0,0,1,1,0,0,0,0,1,0,0,1,0,1
Wednesday,9,105,0,0,0,0,0,0,1,0,1,0,1,0,1,1,0,1,0
Tuesday,22,261,0,0,0,0,0,0,1,0,1,0,2,5,2,1,3,2,5
Wednesday,4,195,0,0,0,0,0,0,1,0,1,0,0,1,0,1,2,0,2
Monday,15,283,0,0,0,0,0,0,1,0,3,0,0,4,0,0,1,1,9
Wednesday,15,269,0,0,0,0,0,0,1,0,1,1,0,2,0,1,2,1,3
Thursday,23,125,0,0,1,0,0,1,1,1,0,1,0,0,0,0,0,1,0
Monday,4,168,1,1,2,2,0,1,1,0,1,0,0,1,0,0,0,0,1
Friday,21,225,0,0,0,0,1,0,1,1,0,1,1,1,1,0,0,1,2
Monday,13,216,0,0,2,1,0,1,1,0,1,0,0,2,0,1,3,0,4
Monday,1,279,3,0,0,0,0,0,1,1,1,0,0,2,0,1,0,3,3
Thursday,16,187,0,0,4,3,0,1,1,0,0,0,0,0,0,0,0,0,0
Wednesday,18,47,0,0,0,0,0,0,1,0,0,0,0,1,0,0,0,0,1
Monday,17,100,0,0,1,0,0,1,1,0,0,0,0,0,0,0,0,0,0
Monday,1,96,0,0,0,0,0,0,1,1,0,0,0,1,1,0,1,2,2
Sunday,14,279,0,0,0,0,1,0,1,1,2,2,3,2,3,1,0,4,5
Wednesday,4,129,0,0,0,0,0,0,1,0,1,0,0,1,2,0,0,2,1
Monday,20,102,0,0,0,0,0,0,1,1,0,1,1,0,1,0,0,1,1
Saturday,16,188,0,0,0,1,0,0,1,0,0,0,0,0,0,0,1,0,2
Monday,11,58,0,0,1,0,0,1,1,1,0,1,1,0,1,0,0,1,0
Saturday,9,50,0,0,0,0,0,0,1,0,0,0,0,0,0,0,0,0,0
Tuesday,0,118,0,0,4,0,0,1,1,0,1,0,0,0,0,0,0,0,0
Sunday,21,34,0,0,0,0,0,0,1,0,0,1,0,0,0,0,1,1,1
Sunday,20,269,0,0,0,2,0,0,1,4,0,2,4,0,2,0,1,5,1
Wednesday,16,127,0,1,0,0,0,0,1,0,0,1,1,1,0,0,0,0,2
Tuesday,16,50,0,0,0,0,0,0,1,0,0,0,0,0,0,0,0,0,0
Thursday,8,77,0,0,1,0,0,1,1,0,1,0,0,0,0,0,0,0,0
Tuesday,15,42,0,0,0,0,0,0,1,0,1,0,1,1,0,0,1,0,1
Wednesday,21,277,0,0,0,0,0,0,1,1,3,0,0,2,0,1,2,0,2
Friday,11,63,0,0,0,0,0,0,1,0,0,0,0,0,0,0,0,1,0
Saturday,10,79,0,0,0,0,0,0,1,0,0,0,0,1,0,0,0,0,1
Saturday,6,174,0,0,0,0,0,0,1,1,1,0,1,3,1,0,1,1,3
Thursday,4,89,0,0,0,0,0,0,1,1,0,1,0,1,0,0,0,1,1
Wednesday,4,69,0,0,1,0,0,1,1,1,0,1,1,0,0,0,0,1,0
Tuesday,21,39,0,0,0,0,0,0,1,0,0,0,0,1,0,0,1,1,1
Tuesday,14,107,0,0,0,0,0,0,1,0,1,0,0,0,1,0,0,1,1
Saturday,16,123,0,0,0,0,0,0,1,0,0,1,0,1,0,0,2,2,3
Monday,19,110,0,0,0,0,0,0,1,1,1,1,0,2,0,1,1,1,3
Monday,0,47,0,0,4,0,0,1,1,0,2,0,0,2,0,0,2,0,2
Thursday,2,270,0,0,0,1,0,0,1,1,1,1,2,3,1,0,1,2,6
Sunday,7,61,0,0,4,0,0,1,1,0,0,0,0,1,0,0,0,0,1
Friday,7,64,0,0,4,0,0,1,1,0,0,0,0,1,0,0,0,0,1
Saturday,9,124,0,0,2,0,0,1,1,1,1,1,0,1,0,1,1,1,1
Thursday,16,110,0,0,0,0,0,0,1,0,2,0,0,2,0,0,2,0,3
Sunday,21,53,0,0,0,0,1,0,1,0,0,0,0,0,0,0,0,0,0
Monday,18,42,0,0,0,0,0,0,1,1,0,1,1,0,1,0,0,1,0
Monday,11,56,0,0,0,0,0,0,1,1,1,1,1,0,1,0,0,2,0
Monday,4,206,0,0,0,1,0,0,1,1,0,0,1,2,2,0,2,3,4
Thursday,20,197,0,0,0,0,0,0,1,0,0,0,0,0,0,0,0,0,2
Wednesday,15,89,0,0,0,0,0,0,1,1,0,1,0,0,0,0,1,2,1
Friday,16,231,0,0,0,0,0,0,1,0,0,0,0,3,0,0,2,0,3
Friday,19,96,0,0,0,0,0,0,1,0,1,1,0,2,0,1,1,0,3
Sunday,10,56,0,0,2,0,0,1,1,0,1,0,0,1,0,1,0,0,1
Friday,5,277,0,0,0,0,0,0,1,0,1,0,0,0,0,0,0,1,0
Saturday,19,49,0,0,0,0,0,0,1,1,0,1,1,0,1,0,1,1,1
Tuesday,13,65,0,0,0,0,0,0,1,1,0,1,1,0,1,0,1,1,1
Tuesday,7,193,0,0,0,0,0,0,1,1,2,1,4,0,2,3,2,3,2
Thursday,7,76,0,0,0,0,1,0,1,0,1,0,0,1,0,0,0,0,1
Wednesday,21,274,0,0,0,0,1,0,1,0,0,0,0,1,1,0,0,0,3
Tuesday,13,93,0,0,0,0,0,0,1,0,0,0,0,1,0,0,0,0,1
Sunday,22,119,0,0,1,0,0,1,1,0,0,1,0,0,0,0,1,1,1
Friday,19,148,0,0,0,0,0,0,1,0,0,0,0,0,0,0,0,0,0
Saturday,15,76,0,0,0,0,0,0,1,0,0,0,0,1,0,0,0,0,1
Friday,5,109,0,0,0,0,0,1,1,0,1,0,0,1,1,1,0,1,1
Friday,13,69,0,0,0,0,0,0,1,0,0,0,0,0,0,0,0,0,0
Thursday,19,187,0,0,0,0,0,0,1,1,0,0,1,0,0,1,0,2,0
Wednesday,2,126,0,1,0,0,0,0,1,1,0,0,0,1,0,0,0,1,1
Tuesday,1,70,0,0,0,0,0,1,1,0,0,0,0,0,0,0,0,0,0
Monday,21,96,0,0,0,0,0,1,1,0,1,0,0,0,0,0,0,0,0
Thursday,3,91,0,0,1,0,0,1,1,0,1,0,0,0,0,0,0,0,2
Wednesday,20,278,0,0,0,0,0,0,1,0,2,0,0,2,0,2,2,0,3
Thursday,21,279,0,0,0,0,0,0,1,1,0,0,1,1,0,0,1,1,2
Thursday,7,130,0,0,0,0,1,0,1,2,1,0,1,1,2,0,1,2,1
Thursday,4,36,0,0,0,0,0,0,1,0,0,0,0,0,0,0,0,0,0
Sunday,21,226,0,0,0,4,0,0,1,0,0,0,0,2,0,1,0,0,5
Wednesday,23,126,0,1,0,0,0,0,1,1,0,0,0,1,0,0,0,1,1
Wednesday,4,222,0,0,0,0,0,0,1,0,0,0,0,0,0,0,0,0,1
Tuesday,15,279,0,0,0,0,0,0,1,0,0,0,0,0,0,0,0,0,0
Tuesday,9,129,0,0,0,0,1,0,1,2,1,1,1,2,1,0,1,2,2
Tuesday,7,148,0,0,0,0,0,0,1,0,0,0,0,0,1,0,0,2,0
Monday,16,273,0,0,0,0,0,0,1,0,1,0,0,1,0,1,1,0,1
Sunday,21,56,0,0,0,0,0,0,1,0,0,0,0,0,0,0,1,0,0
Thursday,14,196,0,0,4,1,0,1,1,0,1,0,2,2,0,0,1,0,4
Sunday,12,166,0,0,2,0,0,1,1,1,0,1,1,0,1,1,0,2,0
Thursday,15,57,0,0,1,0,0,1,1,0,0,0,1,0,1,0,0,1,0
Saturday,20,253,0,0,0,0,0,0,1,3,2,2,1,2,3,0,2,5,2
Wednesday,2,41,0,0,0,0,0,0,1,2,0,2,2,0,2,0,1,3,2
Saturday,23,302,0,0,1,0,0,1,1,2,0,2,2,0,1,0,0,2,1
Friday,1,57,0,0,0,0,0,0,1,0,1,0,0,0,0,0,0,0,0
Thursday,19,198,0,0,0,0,0,0,1,0,1,0,0,1,1,0,1,0,1
Wednesday,14,245,0,1,0,0,0,0,1,0,1,0,1,1,0,0,0,2,1
Sunday,19,72,0,0,0,0,0,1,1,0,0,0,0,0,0,0,1,0,1
Saturday,13,234,1,0,1,0,0,1,1,0,1,0,0,2,0,0,1,0,4
Thursday,6,82,0,0,2,0,0,1,1,0,1,0,1,0,1,0,0,1,0
Monday,15,277,0,0,0,0,0,0,1,0,0,0,0,1,0,0,0,0,2
Tuesday,17,279,0,0,0,0,0,0,1,0,1,0,0,1,1,0,1,0,2
Sunday,21,123,0,0,0,0,0,0,1,0,0,0,1,0,1,0,0,1,1
Saturday,5,214,0,0,0,0,0,0,1,0,1,0,0,1,1,1,1,1,2
Wednesday,16,261,0,0,0,0,0,0,1,0,2,0,0,2,1,1,2,0,3
Wednesday,14,240,0,0,0,0,0,0,1,1,2,0,0,3,0,1,3,0,3
Wednesday,9,141,0,0,1,0,0,1,1,0,0,1,0,1,0,0,0,2,1
Friday,23,124,0,0,0,0,0,0,1,0,0,0,0,0,0,0,0,0,0
Wednesday,17,270,0,0,0,0,0,0,1,0,1,0,0,0,0,0,1,0,1
Wednesday,21,44,0,1,0,0,0,0,1,0,0,0,0,0,0,0,0,0,0
Wednesday,21,137,0,0,0,0,0,0,1,0,0,0,0,1,0,0,0,0,2
Thursday,19,211,0,0,0,0,0,0,1,1,1,1,0,2,0,1,2,0,2
Thursday,1,42,0,0,0,0,0,0,1,0,0,0,0,0,0,0,0,1,1
Tuesday,7,280,2,0,0,0,0,0,1,1,2,1,2,2,1,0,2,2,4
Sunday,12,298,0,0,2,0,0,1,1,1,4,1,1,0,1,2,0,2,2
Tuesday,0,36,0,0,0,0,0,0,1,0,2,0,0,2,0,0,2,0,2
Monday,2,36,0,0,0,0,0,0,1,0,0,0,0,0,0,0,0,0,0
Saturday,22,267,0,0,0,0,0,0,1,4,2,3,2,3,2,0,2,4,3
Saturday,19,94,0,0,0,0,0,0,1,0,0,0,0,0,0,0,1,0,1
Tuesday,20,40,0,0,0,0,0,1,1,0,0,0,0,0,0,0,0,0,0
Friday,1,15,0,0,0,0,0,0,1,0,0,0,0,1,0,0,0,0,1
Thursday,20,268,0,0,0,1,0,0,1,2,0,2,3,1,1,0,1,4,1
Thursday,13,218,1,0,1,0,0,1,1,0,1,0,0,2,0,1,2,0,2
Monday,9,280,0,0,0,0,0,0,1,5,2,2,6,2,2,2,0,6,2
Thursday,18,255,1,0,0,0,0,0,1,0,0,0,0,2,0,0,0,0,3
Sunday,14,299,0,0,0,0,0,1,1,0,2,0,1,4,2,2,1,3,4
Monday,16,42,0,0,0,0,0,0,1,0,0,0,0,0,0,0,0,0,0
Sunday,19,246,0,0,0,0,0,0,1,0,0,1,0,0,1,0,0,1,0
Saturday,17,63,0,0,0,0,1,0,1,0,1,0,0,1,0,0,1,0,2
Friday,10,210,0,0,0,0,0,0,1,0,0,0,0,1,0,0,1,0,1
Friday,21,282,0,0,0,1,1,0,1,3,1,2,3,1,2,1,0,3,1
Friday,3,281,0,1,0,0,0,0,1,2,1,1,1,1,0,1,0,2,2
Friday,2,224,0,0,0,0,0,0,1,0,1,0,1,1,1,0,1,1,1
Wednesday,0,49,0,0,0,0,1,0,1,0,0,0,0,0,0,0,0,0,0
Friday,0,189,0,0,0,0,0,1,1,0,1,1,0,2,0,1,0,1,2
Thursday,21,35,0,0,0,0,0,0,1,1,0,1,1,0,1,0,0,1,0
Monday,4,41,0,0,0,0,0,0,1,0,0,0,0,1,0,0,1,0,1
Wednesday,23,230,0,0,0,0,0,0,1,1,2,1,1,1,1,2,2,2,3
Monday,10,81,0,0,0,0,0,0,1,0,1,0,0,1,0,0,0,1,1
Tuesday,23,174,0,0,0,0,0,0,1,0,0,0,0,2,1,0,1,1,3
Saturday,19,80,0,1,0,0,0,0,1,0,1,0,0,0,0,0,0,0,2
Saturday,1,75,0,1,0,0,0,0,1,0,0,0,0,0,0,0,0,0,1
Friday,6,130,0,0,1,0,0,1,1,0,0,0,0,1,0,0,0,0,2
Thursday,17,119,0,0,1,0,0,1,1,0,0,0,0,0,0,0,0,0,1
Monday,13,268,0,0,0,0,1,0,1,0,3,0,0,1,0,0,2,0,4
Friday,19,130,0,0,0,0,0,0,1,0,0,0,0,0,0,0,0,0,0
Wednesday,17,280,0,0,0,0,0,0,1,0,2,2,0,2,0,0,3,2,3
Thursday,2,140,0,0,0,0,0,0,1,0,0,0,0,1,0,0,1,0,1
Saturday,16,284,0,0,0,0,0,0,1,0,1,0,0,1,0,0,0,0,1
Thursday,16,72,0,0,0,0,0,0,1,0,0,0,0,0,0,0,0,0,0
Monday,16,112,0,0,0,0,0,0,1,0,1,0,0,1,0,1,1,0,1
Monday,14,121,0,0,0,0,0,0,1,0,1,0,0,1,0,0,1,0,2
Monday,13,198,0,0,0,0,0,0,1,0,2,0,1,2,1,0,1,0,2
Monday,3,106,0,0,0,0,0,0,1,0,0,0,0,0,0,0,0,0,0
Monday,1,69,0,0,1,0,0,1,1,0,0,0,0,0,0,0,0,0,0
Monday,1,80,0,0,0,0,1,0,1,0,1,0,0,1,0,0,1,0,1
Monday,22,166,0,0,0,0,0,0,1,2,1,1,2,1,2,1,1,2,1
Monday,18,73,0,0,0,0,1,0,1,0,0,0,0,0,1,0,0,1,0
Friday,9,90,0,0,0,0,1,0,1,1,2,1,1,1,1,1,1,2,3
Monday,1,79,0,0,0,0,0,1,1,0,0,1,1,0,0,0,0,1,0
Friday,4,170,0,0,0,0,0,0,1,0,1,0,1,2,1,0,2,1,3
Thursday,8,67,0,0,0,0,0,0,1,0,0,0,0,0,0,0,0,0,1
Tuesday,14,96,0,0,0,0,1,0,1,0,2,0,0,2,0,0,2,0,2
Thursday,5,38,0,0,0,0,0,0,1,0,0,0,0,0,0,0,0,0,0
Wednesday,9,102,0,0,0,0,1,0,1,0,0,0,0,0,0,0,0,0,1
Saturday,0,132,0,0,0,0,0,0,1,0,0,0,1,1,1,1,1,2,1
Wednesday,20,155,0,0,0,0,0,0,1,1,1,1,1,0,1,0,0,1,0
Wednesday,11,238,0,0,2,0,0,1,1,1,2,1,1,1,1,1,0,2,4
Wednesday,9,119,0,0,0,0,1,0,1,2,1,2,2,1,2,1,1,3,2
Wednesday,7,57,0,0,1,0,0,1,1,0,2,0,0,0,0,0,0,0,0
Tuesday,2,279,0,0,0,0,0,0,1,1,1,0,1,2,1,0,2,2,5
Sunday,4,127,0,0,1,0,0,1,1,0,0,0,0,1,0,0,0,0,1
Sunday,8,82,0,0,2,0,0,1,1,1,1,0,0,1,1,1,1,1,1
Tuesday,23,60,0,0,1,0,0,1,1,0,1,0,0,2,0,0,1,0,2
Sunday,4,96,0,0,0,0,0,0,1,0,0,0,0,0,0,0,1,0,1
Sunday,4,62,0,0,0,0,0,0,1,1,0,1,0,0,0,0,2,1,1
Saturday,18,279,0,0,0,0,0,0,1,0,1,1,0,2,0,0,0,2,3
Friday,20,217,0,0,0,0,0,0,1,0,0,0,0,0,0,0,0,0,0
Saturday,13,166,0,1,0,0,0,0,1,0,1,0,0,1,0,0,1,0,1
Saturday,7,256,0,1,0,1,0,0,1,0,0,0,0,1,0,1,0,0,1
Wednesday,2,19,0,0,0,0,0,0,1,0,0,0,0,0,0,0,0,0,0
Saturday,4,68,0,0,0,0,0,1,1,0,0,0,0,0,0,0,0,0,0
Saturday,3,36,0,0,0,0,0,0,1,0,0,0,1,1,0,0,0,0,1
Wednesday,7,35,0,0,0,0,0,0,1,1,0,1,1,0,1,0,0,1,0
Thursday,21,280,0,1,0,0,0,0,1,5,2,0,3,3,4,1,2,5,5
Monday,14,75,0,0,0,0,0,0,1,0,0,0,0,1,0,0,0,0,1
Tuesday,18,196,0,0,1,0,0,1,1,0,0,0,0,0,0,0,1,1,1
Sunday,17,62,0,0,0,0,1,0,1,0,0,0,0,1,0,0,0,0,1
Tuesday,9,261,0,0,0,0,0,0,1,1,2,0,0,2,0,1,0,1,3
Monday,14,142,0,0,0,0,0,0,1,1,1,0,0,2,1,1,2,1,4
Monday,3,276,0,0,0,0,0,0,1,0,0,0,0,1,0,0,2,0,4
Sunday,1,41,0,0,1,0,0,1,1,0,0,0,0,0,0,0,0,0,0
Friday,23,68,0,0,1,0,0,1,1,0,0,0,0,0,0,0,0,0,0
Friday,22,111,2,0,0,2,0,1,1,0,0,0,0,1,0,0,1,0,1
Thursday,5,237,0,0,0,0,0,0,1,0,2,0,0,3,0,1,3,0,6
Tuesday,15,95,0,0,0,0,1,0,1,0,0,0,0,0,0,0,1,0,1
Tuesday,19,38,0,0,0,0,0,0,1,0,0,0,0,0,0,0,0,0,0
Tuesday,18,172,0,1,1,0,0,1,1,0,0,0,0,0,0,0,1,0,1
Sunday,20,244,0,0,0,0,1,0,1,0,0,0,0,1,0,0,0,0,6
Sunday,16,126,0,0,0,0,1,0,1,1,0,1,1,0,1,0,0,1,0
Friday,14,59,0,0,0,0,0,0,1,1,0,1,1,0,1,0,0,1,0
Thursday,12,96,0,0,2,0,0,1,1,0,0,0,0,0,0,0,0,0,0
Friday,13,146,0,0,0,0,0,0,1,0,0,0,0,0,0,0,1,1,1
Saturday,13,152,0,0,0,0,0,0,1,0,0,0,0,0,0,0,0,1,0
Thursday,10,300,0,0,1,0,0,1,1,1,1,0,0,0,0,1,2,1,1
Thursday,17,98,0,0,2,0,0,1,1,0,0,0,0,0,0,0,0,0,0
Friday,23,137,0,0,0,0,0,0,1,0,0,0,1,2,2,0,2,3,2
Sunday,15,210,0,0,0,0,0,0,1,0,0,0,0,1,0,0,1,3,1
Saturday,19,243,0,0,4,0,0,1,1,0,1,0,0,2,0,1,1,0,2
Wednesday,15,223,0,0,0,1,0,0,1,1,1,1,3,2,1,1,4,3,4
Wednesday,22,84,0,1,0,0,1,0,1,1,1,1,0,1,0,1,1,0,1
Wednesday,13,251,0,0,0,0,0,0,1,0,0,0,0,0,1,0,0,1,0
Saturday,15,246,0,1,0,0,1,0,1,0,0,1,1,1,0,0,0,1,1
Sunday,19,229,0,0,0,0,0,0,1,0,1,2,1,1,1,1,2,2,1
Tuesday,3,53,0,0,0,0,0,0,1,0,0,0,0,0,0,0,0,0,0
Saturday,2,43,0,0,0,0,0,0,1,0,0,0,0,0,0,0,0,0,0
Friday,20,85,0,1,0,0,1,0,1,1,0,1,1,0,1,1,0,1,1
Saturday,2,275,0,0,0,0,0,0,1,0,2,1,0,2,0,1,2,0,3
Friday,15,241,0,0,0,2,0,1,1,0,1,0,0,2,0,0,2,0,3
Wednesday,14,205,0,0,1,0,0,1,1,0,1,1,0,1,0,1,1,1,1
Monday,4,217,0,0,0,0,0,0,1,0,0,0,0,0,0,0,0,0,0
Monday,19,52,0,0,0,0,0,1,1,0,0,0,0,0,0,0,0,0,1
Wednesday,19,130,0,1,0,0,1,0,1,0,1,0,1,0,1,0,0,1,0
Friday,0,58,0,0,1,0,0,1,1,0,0,0,0,0,0,0,0,0,0
Tuesday,3,115,0,0,0,0,0,0,1,0,0,0,1,0,0,0,0,1,1
Saturday,19,273,0,0,0,0,0,0,1,1,2,1,2,1,1,1,1,2,3
Sunday,21,251,0,0,0,0,0,0,1,0,0,1,0,0,1,0,0,1,0
Tuesday,16,50,0,0,1,0,0,1,1,0,0,0,0,0,0,0,0,0,0
Saturday,15,280,0,0,0,0,0,0,1,0,1,0,0,1,0,0,2,0,3
Monday,9,90,0,0,1,0,0,1,1,0,0,0,0,0,0,0,0,0,2
Thursday,20,263,0,0,0,0,0,0,1,2,1,1,2,0,1,0,3,1,2
Tuesday,17,60,0,0,2,0,0,1,1,0,0,0,0,0,0,0,0,0,0
Tuesday,19,191,0,0,0,0,0,0,1,2,2,2,3,1,2,1,0,3,2
Monday,19,23,0,0,0,0,0,0,1,0,0,0,0,1,0,0,0,0,1
Thursday,1,53,0,0,0,0,0,0,1,0,0,0,0,0,0,0,0,0,0
Wednesday,2,175,0,0,0,0,0,0,1,0,1,0,0,2,0,2,1,1,2
Monday,17,208,0,0,0,0,0,0,1,1,0,1,1,1,0,1,1,1,1
Sunday,16,73,0,0,1,0,0,1,1,1,0,0,1,0,1,0,0,1,0
Friday,16,303,0,0,1,0,0,1,1,0,1,1,1,0,0,0,1,1,1
Thursday,6,98,0,0,0,0,0,1,1,0,1,0,0,1,0,0,0,0,1
Thursday,2,88,0,0,0,0,0,0,1,0,0,0,0,2,0,1,1,0,2
Sunday,9,191,0,0,1,1,0,1,1,0,1,0,0,1,0,0,1,0,1
Saturday,1,109,0,0,1,0,0,1,1,0,0,0,0,1,0,0,0,0,1
Wednesday,21,94,0,0,1,0,0,1,1,0,0,0,0,1,0,0,0,0,2
Monday,18,80,0,1,0,0,1,0,1,2,0,2,1,0,1,0,0,2,0
Sunday,19,98,0,1,0,0,0,0,1,0,1,0,0,1,0,1,0,0,1
Monday,21,105,0,1,0,0,1,0,1,0,0,0,0,0,0,0,0,1,0
Monday,2,88,0,0,0,0,0,0,1,0,0,0,0,0,0,0,0,0,0
Wednesday,6,116,0,0,1,0,0,1,1,0,1,0,0,1,0,1,0,1,1
Friday,20,158,0,0,2,0,0,1,1,0,1,0,0,0,0,0,1,0,1
Wednesday,22,58,0,1,0,0,1,0,1,0,0,0,0,0,0,0,0,0,0
Wednesday,21,54,0,0,1,0,0,1,1,1,0,1,2,0,1,1,0,1,0
Wednesday,2,60,0,0,4,0,0,1,1,0,0,0,0,1,0,0,0,0,1
Wednesday,16,140,0,0,0,0,0,0,1,1,2,0,1,0,0,1,1,1,4
Sunday,19,99,0,0,0,0,0,0,1,0,0,0,0,0,0,0,0,0,1
Thursday,19,115,0,0,0,0,0,0,1,0,0,0,0,0,1,0,0,1,0
Tuesday,20,48,0,1,0,0,1,0,1,0,0,0,0,0,0,0,0,0,0
Monday,18,138,0,1,0,0,1,0,1,1,0,0,1,0,1,0,0,1,0
Monday,4,130,0,1,1,0,0,1,1,1,0,1,1,0,1,0,0,1,0
Wednesday,12,76,0,1,0,0,1,0,1,1,0,1,1,0,1,0,0,1,0
Wednesday,20,169,0,0,3,0,0,1,1,0,2,0,1,2,0,0,1,1,2
Monday,5,109,0,1,0,0,1,0,1,2,1,1,0,1,0,1,1,2,1
Sunday,19,77,0,1,0,0,1,0,1,0,1,0,0,1,0,0,0,1,1
Wednesday,18,24,0,0,0,0,0,0,1,0,1,0,0,2,0,1,1,0,2
Wednesday,14,146,0,0,0,0,0,0,1,1,0,1,2,1,1,1,0,2,1
Tuesday,16,71,0,0,1,0,0,1,1,1,1,0,0,2,0,1,1,0,2
Monday,20,164,0,0,2,0,0,1,1,0,2,0,0,1,0,1,1,0,1
Monday,20,161,0,0,1,0,0,1,1,1,0,1,1,1,1,0,0,1,2
Monday,20,140,0,0,0,0,0,0,1,0,0,0,0,0,0,0,1,0,0
Monday,19,118,0,1,0,0,1,0,1,0,0,0,0,1,0,0,0,2,1
Monday,19,142,0,1,0,0,1,0,1,0,1,0,0,2,0,1,3,0,3
Monday,19,104,0,1,0,0,0,0,1,0,0,0,0,1,0,0,0,0,1
Tuesday,8,15,0,0,0,0,0,0,1,0,0,0,0,1,0,0,0,0,1
Thursday,23,71,0,1,0,0,1,0,1,1,0,0,0,0,0,0,0,1,0
Friday,16,143,0,0,0,0,0,0,1,0,0,0,0,0,0,1,0,0,0
Wednesday,17,58,0,0,1,0,0,1,1,1,0,0,0,1,0,0,0,1,1
Friday,20,108,0,1,0,0,1,0,1,0,0,1,0,0,0,0,0,1,0
Thursday,22,135,0,1,0,0,0,0,1,0,1,0,1,1,1,1,0,0,3
Sunday,8,130,0,0,0,0,0,1,1,0,0,0,0,1,0,0,1,0,1
Tuesday,15,140,0,0,0,0,0,0,1,1,1,0,1,0,1,0,0,2,1
Sunday,9,71,0,0,0,2,0,0,1,0,0,0,0,0,0,0,1,0,1
Thursday,20,139,0,0,0,0,0,0,1,0,1,0,0,2,0,1,1,0,3
Saturday,9,131,0,0,1,0,0,1,1,0,0,0,0,1,0,0,2,0,1
Sunday,20,126,0,0,0,0,0,0,1,0,0,0,0,0,0,0,0,0,1
Wednesday,21,134,0,0,0,0,0,0,1,0,0,0,1,0,0,0,0,1,4
Friday,18,69,0,0,0,0,0,0,1,1,0,1,1,0,1,0,0,1,0
Friday,17,124,0,0,1,0,0,1,1,0,3,0,0,3,0,2,2,0,3
Monday,11,139,0,0,0,0,0,0,1,0,0,0,1,0,1,0,2,1,2
Wednesday,21,48,0,0,0,0,0,0,1,0,0,0,0,0,0,0,0,0,0
Monday,6,123,0,0,0,1,0,0,1,0,1,0,0,0,0,0,0,0,0
Saturday,16,137,0,1,1,0,0,1,1,0,2,1,0,2,0,2,2,0,2
Sunday,23,140,0,0,1,0,0,1,1,3,0,3,3,0,2,0,0,3,0
Wednesday,19,99,0,0,0,0,0,0,1,0,1,0,0,1,0,0,2,0,3
Sunday,3,72,0,0,0,0,0,0,1,0,1,0,0,0,0,0,1,1,0
Sunday,2,118,0,0,0,0,0,0,1,0,0,0,0,1,0,0,0,0,2
Tuesday,13,117,0,0,0,0,0,0,1,1,0,2,1,0,2,0,0,2,1
Saturday,18,140,0,1,2,1,0,1,1,0,0,0,1,0,0,0,0,0,1
Wednesday,7,144,0,0,0,0,0,0,1,0,1,0,0,2,0,0,1,0,3
Tuesday,8,50,0,1,0,0,1,0,1,0,1,1,0,1,1,1,1,0,1
Saturday,23,19,0,0,0,0,0,0,1,0,0,0,0,0,0,0,0,0,0
Tuesday,21,39,0,0,0,0,0,0,1,0,0,0,0,0,0,0,0,0,0
Tuesday,5,122,0,0,0,0,0,0,1,1,1,1,1,0,1,0,0,1,0
Tuesday,2,39,0,0,0,0,0,0,1,0,0,0,0,0,0,0,0,1,0
Friday,6,33,0,0,0,0,0,0,1,0,0,0,0,0,0,0,0,0,0
Monday,1,78,0,0,4,0,0,1,1,0,0,0,0,0,0,0,0,0,0
Saturday,0,50,0,1,0,0,1,0,1,0,0,0,0,0,0,0,0,0,0
Friday,4,140,0,0,0,6,0,0,1,0,2,0,0,2,0,0,0,1,2
Saturday,18,64,0,0,2,0,0,1,1,0,0,0,0,0,0,0,0,0,0
Tuesday,22,121,0,0,0,0,0,0,1,0,2,0,0,1,0,1,1,0,1
Wednesday,16,110,0,0,4,0,0,1,1,0,1,0,1,2,0,0,2,0,3
Wednesday,20,79,1,0,0,4,0,0,1,0,0,0,0,0,0,0,0,0,0
Wednesday,20,104,1,0,0,4,0,0,1,0,0,0,0,0,0,0,0,0,0
Tuesday,19,137,0,0,0,0,0,0,1,0,1,0,0,2,1,0,1,2,3
Monday,8,77,0,0,0,0,0,1,1,0,0,0,0,0,0,0,0,0,1
Monday,8,113,0,0,0,0,0,1,1,0,0,0,0,0,0,0,0,0,0
Sunday,18,32,0,0,0,0,0,0,1,0,0,0,0,0,0,0,0,0,0
Monday,3,100,1,0,0,0,0,0,1,0,0,0,0,0,0,0,0,0,0
Sunday,2,101,0,0,2,0,0,1,1,0,0,0,0,0,0,1,0,0,0
Wednesday,23,101,0,0,2,0,0,1,1,0,0,0,0,0,0,1,0,0,0
Thursday,16,122,1,1,0,1,0,0,1,0,1,0,0,1,0,0,1,0,1
Thursday,0,19,0,0,0,0,0,0,1,0,0,0,0,0,0,0,0,0,0
Thursday,1,116,4,0,0,0,0,0,1,0,1,0,0,1,0,1,1,0,1
Friday,6,30,0,0,0,0,0,0,1,1,0,0,1,0,1,0,0,1,0
Saturday,4,46,0,0,0,0,0,0,1,0,0,0,0,0,0,0,1,0,0
Friday,0,41,0,0,0,0,0,0,1,0,0,0,0,0,0,0,0,0,0
Monday,1,132,1,1,0,0,0,0,1,0,1,0,0,0,0,1,0,0,1
Monday,1,44,0,0,0,0,0,0,1,0,1,0,0,1,0,0,0,0,1
Thursday,14,124,1,1,0,0,0,0,1,0,0,0,0,0,0,0,0,1,0
Sunday,1,140,0,0,1,0,0,1,1,0,0,0,0,0,1,0,0,1,2
Wednesday,17,115,0,0,0,0,0,0,1,1,0,0,1,0,1,1,0,1,0
Wednesday,0,125,0,0,0,0,0,0,1,0,1,0,0,1,1,1,0,0,3
Monday,15,146,0,0,0,0,0,0,1,0,1,0,0,0,0,0,0,0,0
Sunday,8,77,0,0,0,0,0,0,1,1,0,1,1,0,1,0,0,1,0
Friday,2,93,0,0,0,0,0,0,1,0,0,0,0,0,0,0,0,0,1
Wednesday,5,142,0,0,1,0,0,1,1,0,0,0,0,0,0,0,0,0,1
Sunday,22,45,0,0,0,0,0,0,1,0,0,0,0,0,0,0,0,0,0
Thursday,3,104,0,0,0,1,0,0,1,0,0,0,1,0,0,0,0,0,0
Saturday,19,123,0,0,0,0,0,0,1,0,1,0,0,1,0,1,1,0,1
Thursday,15,126,0,0,0,0,0,0,1,0,0,0,0,0,0,0,0,0,1
Friday,1,59,0,0,0,0,0,0,1,0,1,0,0,1,0,0,1,0,1
Sunday,20,62,0,0,0,1,0,0,1,0,0,0,0,0,0,0,0,0,0
Wednesday,21,39,0,0,0,0,0,0,1,0,0,0,0,0,0,0,0,0,0
Sunday,1,66,0,0,0,0,0,0,1,0,0,0,0,0,0,1,0,1,0
Saturday,8,34,0,0,1,0,0,1,1,0,1,0,0,1,0,1,1,0,1
Tuesday,20,53,0,0,0,0,0,0,1,0,0,0,0,0,0,0,0,1,0
Tuesday,14,275,0,0,0,0,0,0,1,1,0,0,2,0,0,0,0,2,0
Tuesday,17,259,0,0,0,0,0,0,1,1,2,1,1,1,1,2,3,1,5
Tuesday,23,99,0,0,0,0,0,0,1,0,1,0,0,1,0,0,2,0,2
Monday,17,271,0,0,0,0,0,0,1,2,2,0,1,2,2,1,3,2,3
Sunday,7,119,0,0,1,0,0,1,1,0,0,0,0,0,0,0,0,0,1
Monday,14,277,0,0,0,0,0,0,1,0,1,0,0,0,0,0,2,0,2
Friday,15,100,0,0,0,0,0,0,1,0,1,0,0,1,0,1,1,0,1
Friday,4,146,0,0,0,0,0,0,1,0,2,0,0,2,0,2,2,0,3
Wednesday,14,276,0,0,0,0,0,0,1,0,0,0,2,0,0,0,0,1,1
Wednesday,23,77,0,0,1,0,0,1,1,0,0,0,0,0,0,0,0,0,0
Thursday,9,92,0,0,1,0,0,1,1,0,1,0,0,1,0,0,1,0,1
Friday,18,38,0,0,0,0,0,0,1,0,0,0,0,0,0,0,0,0,0
Tuesday,1,73,0,0,0,0,1,0,1,0,0,0,0,0,0,0,0,0,0
Tuesday,18,145,0,0,0,0,0,0,1,0,0,0,0,1,0,0,0,0,1
Wednesday,22,256,0,0,0,0,0,0,1,0,0,0,0,0,0,0,0,0,1
Wednesday,3,228,0,0,0,0,0,0,1,1,0,1,0,1,0,0,1,2,1
Saturday,2,90,0,0,1,0,0,1,1,0,0,0,0,0,0,0,0,0,0
Friday,11,33,0,0,0,0,1,0,1,0,0,0,0,0,0,0,0,0,1
Tuesday,15,35,0,0,0,0,0,0,1,0,0,0,0,0,0,0,0,0,0
Wednesday,6,119,0,0,0,0,0,0,1,0,1,1,1,0,1,0,0,1,1
Thursday,2,280,0,0,0,0,0,0,1,0,0,1,1,0,0,0,2,1,1
Thursday,14,218,0,0,0,0,0,0,1,0,0,0,0,0,0,1,0,0,1
Tuesday,17,93,0,0,0,0,0,0,1,0,1,0,0,0,1,0,0,2,3
Tuesday,6,76,0,0,1,0,0,1,1,1,0,0,0,0,0,0,0,0,0
Wednesday,1,94,0,0,0,0,0,1,1,0,0,0,0,0,0,0,0,0,0
Tuesday,18,141,0,0,0,2,0,1,1,0,1,0,0,0,0,0,0,0,0
Monday,21,106,0,0,0,0,0,1,1,0,1,0,0,2,0,0,2,0,2
Sunday,15,273,2,0,0,0,1,0,1,4,5,2,2,3,0,3,3,3,4
Sunday,3,45,0,0,1,0,0,1,1,0,0,0,0,0,0,0,0,0,0
Thursday,15,40,0,0,0,0,0,0,1,0,0,0,0,0,0,0,0,0,0
Wednesday,6,36,0,0,0,0,0,0,1,0,0,0,0,0,0,0,0,0,0
Friday,11,284,0,0,0,0,0,0,1,0,1,0,0,0,0,0,0,2,0
Tuesday,23,11,0,0,0,0,1,0,1,0,0,0,0,0,0,0,0,0,0
Saturday,9,63,0,0,0,0,0,0,1,0,0,0,0,0,0,0,0,0,0
Monday,2,283,0,0,0,1,0,1,1,1,0,0,1,0,1,0,0,1,0
Monday,16,64,0,0,0,0,0,0,1,0,0,0,0,0,0,0,0,0,0
Friday,0,93,0,0,1,0,0,1,1,0,0,1,0,0,0,0,0,1,0
Wednesday,13,264,0,0,0,0,0,0,1,0,0,0,0,2,0,0,1,0,3
Monday,22,80,0,0,0,0,0,0,1,0,0,0,0,0,0,0,0,0,0
Tuesday,3,66,0,0,0,0,0,0,1,0,0,0,0,0,0,0,1,0,1
Sunday,17,16,0,0,0,0,1,0,1,0,0,0,0,0,0,0,0,0,0
Thursday,14,296,0,0,1,0,0,1,1,0,1,0,0,0,0,0,0,0,1
Tuesday,0,47,0,0,0,0,0,0,1,0,0,0,0,0,0,0,0,0,0
Monday,10,224,0,0,0,0,0,0,1,6,0,3,3,1,3,0,0,5,1
Sunday,19,99,0,0,3,0,0,1,1,0,1,0,0,1,0,0,1,0,1
Thursday,13,65,0,0,0,0,0,0,1,0,1,0,0,0,0,0,0,0,1
Tuesday,7,81,0,0,0,0,0,0,1,2,1,1,1,1,0,1,1,2,2
Monday,16,49,0,0,0,0,0,0,1,0,0,0,0,0,0,0,0,0,0
Friday,9,115,0,0,0,0,0,0,1,1,0,1,1,0,0,0,0,1,0
Sunday,18,6,0,0,0,0,1,0,1,0,0,0,0,0,0,0,0,0,0
Wednesday,1,58,0,0,0,0,1,0,1,0,0,0,0,0,1,0,0,1,0
Tuesday,2,274,0,0,0,0,0,0,1,0,1,0,2,1,2,2,3,2,1
Sunday,15,111,0,0,0,0,0,0,1,0,2,0,0,2,0,0,1,0,3
Wednesday,23,298,1,0,1,0,0,1,1,2,2,2,1,0,3,0,1,4,5
Monday,19,144,0,0,0,0,0,0,1,2,0,1,1,0,0,0,0,2,1
Thursday,18,92,0,0,0,0,0,0,1,0,0,0,0,0,0,0,0,0,0
Friday,0,10,0,0,0,0,1,0,1,0,0,1,0,0,0,0,0,1,0
Saturday,23,188,4,0,1,0,0,1,1,0,0,0,0,0,0,0,0,0,1
Sunday,0,108,0,0,0,0,0,0,1,0,1,0,1,0,0,0,1,1,2
Wednesday,4,102,0,0,1,0,0,1,1,1,0,0,0,0,0,0,0,1,0
Thursday,6,300,0,0,3,0,0,1,1,0,1,0,0,1,0,0,1,0,1
Tuesday,11,162,1,0,4,0,0,1,1,2,1,1,0,0,0,0,0,2,0
Friday,19,162,0,0,0,0,0,1,1,0,0,0,0,0,0,0,0,0,1
Tuesday,4,146,0,0,0,0,0,0,1,1,1,1,1,0,1,1,0,1,0
Sunday,7,69,0,0,0,0,0,0,1,0,0,0,0,0,0,0,0,0,1
Sunday,22,57,0,0,0,0,1,0,1,0,0,0,0,0,0,0,0,0,0
Wednesday,16,158,0,0,2,0,0,1,1,0,0,0,0,1,1,0,0,2,4
Monday,10,60,0,0,1,0,0,1,1,0,0,0,0,0,1,0,0,1,0
Thursday,6,53,0,0,0,0,1,0,1,0,0,0,1,0,0,0,0,0,0
Sunday,1,271,0,1,0,0,1,0,1,1,3,0,3,3,1,2,3,2,4
Saturday,16,51,0,0,0,0,0,0,1,1,0,1,0,0,0,0,0,1,0
Saturday,8,224,0,0,0,4,0,1,1,0,0,0,0,0,0,0,2,0,1
Saturday,4,305,0,1,2,3,0,1,1,1,1,1,2,1,1,0,1,1,1
Tuesday,12,209,0,0,0,0,0,0,1,1,2,1,0,3,1,1,2,1,3
Thursday,14,56,0,0,4,0,0,1,1,0,0,0,0,0,0,0,0,0,0
Wednesday,3,80,0,0,0,0,1,0,1,0,0,0,0,0,0,0,0,0,1
Monday,21,273,0,0,0,0,0,0,1,1,5,0,0,6,0,3,5,0,9
Sunday,3,270,1,1,0,0,0,0,1,1,1,1,2,1,1,0,2,2,1
Thursday,13,189,0,0,1,0,0,1,1,0,2,0,0,2,0,1,1,0,2
Wednesday,17,60,0,0,0,0,0,0,1,0,1,0,0,0,0,0,0,0,0
Tuesday,3,206,1,0,0,2,0,1,1,0,0,0,0,0,0,0,1,0,1
Friday,13,71,0,0,0,0,0,1,1,0,0,0,0,0,0,0,1,0,1
Friday,11,164,0,0,0,0,0,0,1,0,2,0,0,2,1,1,1,1,2
Sunday,23,105,0,0,0,0,0,1,1,0,0,0,0,0,0,0,0,1,0
Saturday,5,78,0,0,1,0,0,1,1,0,0,0,0,0,0,0,0,0,0
Friday,21,154,0,0,0,0,0,0,1,0,0,0,0,0,0,0,0,1,0
Thursday,22,79,0,0,0,1,0,0,1,0,0,0,0,0,0,0,0,0,0
Thursday,6,117,0,0,0,0,0,0,1,0,0,0,0,0,0,0,0,0,0
Friday,23,142,0,0,1,0,0,1,1,0,0,0,1,1,0,0,1,1,1
Sunday,1,265,0,0,0,0,0,0,1,0,2,1,3,0,1,0,0,3,1
Wednesday,1,267,0,1,0,0,0,0,1,1,3,1,1,2,0,0,4,0,4
Friday,16,104,0,0,1,0,0,1,1,0,1,0,0,1,0,1,1,0,1
Tuesday,6,187,0,0,0,0,1,0,1,0,1,3,1,1,0,0,1,4,1
Wednesday,23,97,0,0,1,1,0,1,1,0,0,0,0,0,0,0,0,0,2
Monday,20,56,0,0,2,0,0,1,1,0,0,0,0,0,0,0,0,0,0
Thursday,18,46,0,0,0,0,0,0,1,0,1,0,1,1,0,2,1,0,1
Monday,16,99,0,0,0,0,0,0,1,0,1,0,0,1,0,1,0,0,1
Sunday,2,280,0,0,0,0,0,0,1,1,1,2,1,1,1,1,2,3,2
Saturday,15,272,0,0,0,0,0,0,1,0,2,0,0,2,1,1,4,2,4
Thursday,17,119,0,0,0,0,0,1,1,0,0,0,0,0,0,0,1,0,1
Friday,6,120,0,0,0,0,1,0,1,0,0,0,0,0,0,0,0,1,0
Tuesday,5,172,0,0,0,1,0,1,1,0,3,1,0,4,0,2,4,0,4
Tuesday,20,63,0,0,1,0,0,1,1,0,0,0,0,0,0,0,0,0,0
Thursday,11,121,0,0,1,0,0,1,1,0,0,0,0,1,0,0,1,0,2
Wednesday,2,278,0,0,0,0,0,0,1,1,1,4,1,1,3,0,1,4,1
Friday,4,140,1,0,2,4,0,1,1,0,0,0,0,0,0,0,0,0,0
Wednesday,17,249,0,0,0,0,0,0,1,0,0,0,0,1,0,0,0,0,2
Monday,17,177,0,0,2,0,0,1,1,0,1,0,0,1,0,0,1,0,1
Saturday,16,76,0,0,1,0,0,1,1,0,0,0,0,0,0,0,0,0,0
Saturday,3,188,0,0,0,0,0,1,1,0,1,0,0,0,0,0,1,0,2
Wednesday,1,61,0,0,2,0,0,1,1,0,0,0,0,0,0,0,0,0,0
Friday,22,284,1,0,0,0,0,0,1,1,0,0,1,0,2,0,1,2,2
Thursday,8,209,0,0,0,0,1,0,1,1,1,1,2,0,0,0,1,0,2
Wednesday,21,166,0,0,0,0,0,0,1,0,1,0,0,0,0,0,0,0,0
Monday,18,169,0,1,0,1,0,1,1,0,1,0,0,1,0,1,1,0,1
Tuesday,23,273,0,0,0,0,0,0,1,2,0,2,1,0,1,1,0,4,2
Thursday,17,280,0,0,0,0,0,0,1,1,0,1,0,1,2,0,1,3,2
Thursday,7,245,1,0,0,2,0,1,1,0,0,0,0,0,0,0,0,0,0
Tuesday,9,108,0,0,0,0,0,1,1,0,0,1,0,0,0,0,0,1,0
Tuesday,8,171,1,0,0,1,0,1,1,0,0,0,0,0,0,1,0,0,0
Sunday,4,115,0,0,0,0,0,0,1,0,0,0,0,1,0,1,0,0,2
Friday,7,291,0,0,0,0,0,0,1,0,1,0,0,0,1,0,0,3,2
Wednesday,4,212,0,0,0,0,0,0,1,0,0,0,0,1,1,0,2,1,2
Sunday,23,26,0,0,0,0,1,0,1,0,0,0,0,1,0,0,1,0,1
Friday,2,232,1,0,3,3,0,1,1,0,1,0,0,1,0,1,1,0,1
Monday,12,21,0,0,0,0,0,0,1,0,0,0,0,1,0,0,1,0,1
Sunday,18,277,0,0,0,0,0,0,1,0,0,0,0,0,0,0,0,0,4
Saturday,23,162,0,0,0,0,0,0,1,0,1,0,0,1,0,1,1,0,1
Wednesday,23,305,1,0,0,0,0,1,1,1,0,0,1,1,0,1,0,1,1
Monday,15,271,0,0,0,0,0,0,1,1,0,0,0,1,2,1,2,1,5
Saturday,12,275,0,0,0,0,0,0,1,0,0,1,0,1,1,0,0,2,2
Sunday,18,97,0,0,0,0,0,0,1,2,1,0,1,1,1,1,1,1,1
Saturday,19,288,0,0,2,0,0,1,1,0,1,0,2,1,1,1,1,2,1
Wednesday,1,89,0,0,0,0,0,0,1,0,0,0,0,0,0,0,0,0,0
Friday,4,55,0,0,1,0,0,1,1,0,0,0,0,0,0,0,0,0,0
Sunday,21,10,0,0,0,0,1,0,1,0,0,0,0,0,0,0,0,0,1
Thursday,16,273,0,0,0,0,0,0,1,0,0,0,0,1,0,0,2,0,2
Monday,2,65,0,0,0,0,0,1,1,0,0,0,0,0,0,0,0,0,0
Thursday,23,131,0,0,0,0,0,0,1,0,0,0,0,0,1,0,0,1,0
Wednesday,17,110,0,0,0,0,0,1,1,0,0,0,0,0,0,0,0,0,0
Monday,7,93,0,0,0,0,0,0,1,0,0,0,1,0,0,0,0,0,0
Sunday,11,165,0,0,4,0,0,1,1,1,0,0,0,0,0,0,1,1,0
Monday,19,80,1,0,4,0,0,1,1,0,1,0,0,1,0,0,1,0,1
Wednesday,15,284,1,0,0,0,0,0,1,0,0,1,0,0,1,0,0,1,1
Tuesday,19,82,0,0,0,0,1,0,1,0,1,0,0,1,0,0,1,0,2
Tuesday,23,57,0,0,0,0,0,1,1,0,0,0,0,0,0,0,0,0,0
Friday,17,196,0,0,0,0,0,0,1,0,0,1,0,2,0,0,0,1,2
Monday,0,52,0,0,3,0,0,1,1,0,0,0,0,0,0,0,0,0,0
Sunday,2,145,0,0,0,0,1,0,1,1,1,2,3,0,2,0,0,3,3
Thursday,8,276,0,0,0,0,0,0,1,0,3,1,1,2,0,0,2,3,3
Wednesday,15,76,0,0,0,0,0,0,1,1,0,0,0,1,0,1,0,0,1
Wednesday,12,277,0,0,0,0,0,0,1,0,2,0,0,2,1,1,1,1,2
Monday,16,227,0,0,0,0,0,0,1,0,1,0,0,1,0,1,0,0,2
Monday,15,227,0,0,0,0,0,1,1,0,1,0,0,0,1,0,0,0,1
Friday,17,304,0,0,1,0,0,1,1,0,0,0,0,0,0,0,1,0,2
Tuesday,10,239,0,0,1,1,0,1,1,0,3,0,0,2,0,0,0,0,3
Tuesday,22,111,0,0,0,0,0,0,1,0,0,0,0,1,0,0,2,0,2
Thursday,22,218,0,0,0,0,1,0,1,0,0,0,0,0,0,0,1,0,2
Thursday,2,66,0,0,2,0,0,1,1,0,0,0,0,0,0,0,1,0,1
Tuesday,1,100,0,0,0,0,0,1,1,0,0,0,0,0,0,1,0,0,0
Thursday,23,97,0,0,0,0,1,0,1,1,0,1,1,0,1,0,0,1,0
Sunday,15,302,0,0,0,0,0,1,1,1,0,2,2,1,2,0,2,4,2
Friday,17,203,1,0,0,0,0,1,1,0,1,0,0,1,0,0,3,0,2
Wednesday,10,159,0,0,0,2,0,0,1,0,0,0,0,0,0,0,0,0,1
Wednesday,22,279,0,0,0,0,1,0,1,1,2,1,1,2,0,1,1,1,2
Sunday,19,239,0,0,0,0,0,0,1,1,2,2,3,1,2,1,3,2,3
Tuesday,19,79,0,0,0,0,0,1,1,1,1,1,1,1,0,0,1,1,1
Thursday,14,279,0,0,0,0,0,0,1,2,0,2,0,1,2,0,0,3,3
Monday,21,67,0,0,1,0,0,1,1,0,1,0,0,1,0,0,1,0,1
Sunday,1,261,0,0,0,0,0,0,1,3,0,4,1,0,2,0,0,7,1
Friday,5,164,0,0,1,0,0,1,1,0,2,0,0,2,0,0,1,0,3
Thursday,15,207,0,1,0,0,0,0,1,1,1,1,2,1,1,1,2,1,3
Saturday,16,272,0,0,0,0,0,0,1,0,0,0,0,2,1,0,1,1,2
Wednesday,17,81,0,0,1,0,0,1,1,0,0,0,0,0,0,0,0,0,0
Sunday,3,44,0,0,0,0,1,0,1,0,0,0,0,0,0,0,0,0,0
Saturday,20,229,0,0,0,0,0,0,1,1,0,1,2,2,2,0,0,1,2
Friday,21,105,1,0,1,1,0,1,1,0,0,0,0,0,0,0,0,0,1
Wednesday,23,46,0,0,0,0,0,1,1,0,1,0,0,1,0,1,1,0,1
Monday,20,260,0,0,0,0,0,0,1,0,0,0,0,1,0,0,2,0,3
Wednesday,15,24,0,0,0,0,1,0,1,0,0,0,0,0,0,0,0,0,0
Thursday,12,57,0,0,0,0,0,0,1,0,0,0,0,0,0,0,0,0,0
Saturday,18,269,4,0,0,0,1,0,1,2,1,2,0,1,1,1,1,2,2
Thursday,15,237,0,0,0,0,1,0,1,0,1,0,0,1,0,1,1,0,1
Thursday,16,67,0,0,0,0,1,0,1,0,0,0,0,0,0,0,1,0,1
Saturday,10,264,1,0,0,1,0,0,1,0,0,0,0,0,0,0,0,0,1
Friday,14,139,0,1,1,0,0,1,1,0,0,1,0,0,0,1,0,1,0
Wednesday,16,104,1,0,0,0,0,1,1,0,0,0,0,0,0,0,0,0,1
Saturday,12,147,0,0,1,0,0,1,1,0,0,0,0,0,0,0,1,0,1
Saturday,16,57,0,0,0,0,0,0,1,0,0,0,0,0,0,0,0,0,0
Saturday,14,217,0,0,0,1,0,0,1,1,0,1,1,1,2,0,1,3,3
Thursday,6,280,2,0,0,1,0,0,1,0,0,0,0,0,0,1,0,0,0
Wednesday,4,223,0,0,1,0,0,1,1,0,0,0,0,0,0,0,0,0,1
Sunday,7,304,0,0,0,0,0,1,1,4,2,1,4,2,3,0,3,4,4
Tuesday,14,167,0,0,0,0,0,0,1,0,1,1,1,2,1,1,1,1,2
Tuesday,13,298,0,1,0,4,1,0,1,0,0,1,0,0,1,0,0,2,0
Tuesday,12,305,0,1,0,0,1,0,1,0,0,1,0,0,1,0,0,1,1
Tuesday,15,268,0,1,0,0,0,0,1,1,2,0,1,1,2,1,1,3,2
Saturday,14,218,0,0,0,0,0,0,1,0,0,0,2,0,0,0,0,1,0
Friday,17,90,0,0,0,0,0,1,1,0,0,0,0,0,0,0,0,0,0
Friday,2,272,0,0,0,0,0,0,1,1,3,1,1,3,1,0,2,1,5
Thursday,13,241,0,0,0,2,0,0,1,1,0,1,1,0,0,0,0,3,1
Saturday,5,300,0,0,1,0,0,1,1,2,1,0,3,1,2,0,0,4,3
Friday,20,34,0,1,0,0,1,0,1,0,0,0,0,0,0,0,0,0,1
Tuesday,22,34,0,1,0,0,1,0,1,0,0,0,0,0,0,0,0,0,1
Monday,15,152,0,0,0,0,0,0,1,0,2,1,0,2,0,1,2,1,3
Wednesday,17,317,1,1,0,0,1,0,1,1,0,0,1,0,0,1,3,1,2
Friday,0,90,0,0,0,0,0,0,1,0,1,0,0,0,0,0,1,0,3
Thursday,15,180,0,0,0,0,0,0,1,0,2,2,1,2,1,0,3,3,3
Thursday,14,244,0,0,1,0,0,1,1,0,1,0,0,2,0,2,1,0,4
Tuesday,4,151,0,0,0,0,0,1,1,0,0,0,0,0,0,0,0,0,1
Saturday,20,94,0,0,0,0,0,0,1,0,0,0,0,0,0,0,0,0,0
Friday,14,123,0,0,0,0,0,1,1,0,0,0,0,0,0,0,0,0,0
Friday,1,238,0,0,1,0,0,1,1,0,2,0,1,2,0,1,2,2,3
Wednesday,3,69,0,1,0,0,1,0,1,0,0,1,0,0,0,0,0,1,0
Tuesday,22,65,0,1,0,0,1,0,1,0,0,0,1,0,0,0,0,0,0
Friday,19,271,2,1,0,3,0,0,1,1,1,1,1,0,0,0,0,1,1
Saturday,16,99,0,1,0,0,1,0,1,0,0,0,0,0,0,0,0,0,1
Wednesday,17,104,0,0,0,1,0,1,1,0,1,0,0,0,0,0,0,0,0
Monday,0,272,0,0,0,0,0,0,1,0,2,0,1,2,1,1,2,4,2
Sunday,1,72,0,1,0,0,1,0,1,0,0,0,0,0,0,0,0,0,0
Thursday,19,96,0,0,0,0,0,1,1,0,1,0,0,0,0,0,0,0,0
Thursday,5,279,0,0,0,0,0,0,1,1,3,0,1,3,0,1,1,3,4
Sunday,16,68,0,0,0,0,0,1,1,0,0,0,0,0,0,0,0,1,0
Thursday,17,96,0,1,0,0,1,0,1,0,2,0,0,2,0,1,2,0,2
Friday,15,40,0,0,1,0,0,1,1,0,0,0,0,0,0,0,0,0,0
Thursday,15,88,0,0,1,1,0,1,1,0,0,0,0,0,0,0,0,0,0
Wednesday,21,56,0,0,0,0,0,0,1,0,0,0,0,0,0,0,0,0,0
Monday,15,191,0,0,4,0,0,1,1,0,2,1,1,1,0,1,0,1,1
Wednesday,2,59,0,0,1,1,0,1,1,0,0,0,0,0,0,0,0,0,0
Sunday,18,136,0,0,0,0,0,0,1,0,1,0,0,2,0,0,1,1,2
Monday,20,118,0,0,0,0,0,0,1,0,0,0,0,0,0,0,1,0,1
Friday,10,140,0,1,1,0,0,1,1,0,0,1,0,0,1,0,1,1,0
Tuesday,14,138,0,0,0,0,0,0,1,1,0,0,0,0,0,0,0,0,0
Friday,14,107,0,0,0,0,0,0,1,0,0,0,0,0,0,0,0,0,1
Sunday,23,129,0,0,0,0,0,0,1,1,0,0,0,0,0,0,0,1,2
Monday,9,86,0,1,0,0,0,0,1,0,0,0,0,0,0,0,0,0,0
Monday,0,83,0,1,0,0,0,0,1,0,0,0,0,0,0,0,0,0,0
Wednesday,17,85,0,0,0,0,0,0,1,0,0,0,0,1,0,0,1,0,1
Thursday,18,109,0,0,0,0,0,0,1,2,1,1,2,0,1,0,0,2,1
Monday,5,49,0,1,0,0,1,0,1,0,0,0,0,0,0,0,0,0,0
Friday,12,113,0,0,0,0,0,0,1,0,0,0,0,0,0,0,0,0,1
Wednesday,20,140,0,0,0,0,0,0,1,0,1,0,0,2,0,2,3,0,5
Saturday,17,113,0,1,0,0,1,0,1,0,0,0,0,1,0,0,1,0,1
Monday,23,153,0,1,0,0,1,0,1,0,2,0,0,1,0,0,2,0,3
Saturday,16,148,0,0,0,0,0,0,1,1,1,0,2,1,0,0,2,3,3
Friday,5,166,0,0,1,0,0,1,1,0,0,0,0,1,0,0,2,0,1
Tuesday,3,166,0,0,1,0,0,1,1,0,0,0,0,1,0,0,2,0,1
Saturday,16,60,0,0,0,0,0,0,1,0,0,0,0,0,0,0,0,0,0
Friday,23,48,0,0,0,0,0,1,1,0,0,0,0,0,0,0,0,0,0
Friday,19,147,0,0,1,0,0,1,1,0,1,0,0,0,0,0,0,0,0
Monday,21,75,0,1,0,0,1,0,1,2,0,2,2,0,2,0,0,2,0
Monday,19,122,0,0,1,1,0,1,1,0,1,0,0,1,0,1,1,0,1
Wednesday,4,80,0,0,0,0,0,0,1,0,0,0,0,0,0,0,0,0,0
Wednesday,1,135,1,0,1,0,0,1,1,1,0,0,0,0,2,0,0,2,0
Tuesday,23,144,0,0,1,2,0,1,1,0,0,0,0,0,0,0,0,0,0
Wednesday,12,140,0,0,0,0,0,0,1,2,1,2,2,0,3,0,1,2,1
Saturday,19,51,0,0,1,0,0,1,1,0,0,0,0,0,0,0,0,0,1
Friday,14,133,0,0,0,0,0,0,1,1,1,1,0,1,0,1,1,1,1
Friday,3,81,0,0,0,1,0,1,1,0,0,0,0,0,0,0,0,0,0
Friday,6,144,0,0,0,0,0,0,1,0,1,0,0,1,0,0,1,0,1
Monday,23,165,0,0,1,0,0,1,1,0,1,0,0,0,0,0,0,1,0
Thursday,18,165,0,1,0,0,1,0,1,0,1,0,0,2,0,0,1,1,2
Monday,15,66,0,1,0,0,1,0,1,0,0,0,0,0,0,0,0,0,0
Sunday,18,30,0,0,1,0,0,1,1,0,0,0,0,0,0,0,0,0,0
Sunday,5,85,0,0,1,0,0,1,1,0,0,0,0,0,0,0,0,0,1
Monday,20,138,0,0,0,0,0,0,1,0,0,0,1,2,0,0,2,1,3
Thursday,21,94,0,0,0,3,0,0,1,1,1,0,0,1,1,1,1,1,1
Tuesday,2,135,0,0,0,0,0,0,1,0,1,0,0,1,1,0,1,1,3
Wednesday,21,109,0,0,0,1,0,0,1,0,0,0,0,0,0,0,0,0,0
Friday,16,140,0,0,0,0,0,0,1,1,0,1,1,1,1,1,0,1,2
Wednesday,19,106,0,0,0,0,0,0,1,0,0,0,0,0,0,0,0,0,0
Friday,3,25,0,0,0,0,0,0,1,0,0,0,0,0,0,0,0,0,0
Tuesday,13,162,0,0,1,4,0,1,1,0,2,0,0,1,0,1,1,0,1
Wednesday,14,122,0,0,0,1,0,1,1,0,0,0,0,0,0,0,0,0,1
Wednesday,22,134,0,0,0,0,0,0,1,0,0,0,0,0,0,0,1,0,0
Wednesday,19,55,0,0,1,1,0,1,1,0,0,0,0,0,0,0,0,0,0
Monday,15,133,0,0,0,0,0,0,1,1,1,1,0,1,0,1,1,1,1
Sunday,12,114,0,0,0,0,0,0,1,0,0,0,0,0,0,0,0,0,1
Monday,20,133,0,0,0,1,0,0,1,0,0,0,0,0,0,0,0,0,0
Wednesday,16,162,0,0,1,0,0,1,1,0,0,0,1,0,0,0,0,1,0
Monday,13,133,0,0,0,0,0,0,1,0,0,0,0,0,0,0,0,0,0
Monday,2,140,0,0,0,0,0,0,1,1,0,1,1,0,1,1,0,1,0
Wednesday,9,126,0,1,0,0,1,0,1,0,0,0,0,1,0,1,1,0,1
Thursday,18,45,0,1,0,0,1,0,1,0,0,0,0,0,0,0,0,0,0
Wednesday,5,141,2,0,1,1,0,1,1,1,0,1,1,0,1,0,0,1,0
Tuesday,5,117,0,1,0,0,0,0,1,1,0,1,1,0,1,0,0,1,1
Monday,4,96,1,1,0,1,0,0,1,0,1,0,0,0,0,0,0,0,0
Monday,4,141,2,0,1,1,0,1,1,0,1,0,0,0,0,0,1,0,0
Sunday,21,73,1,0,1,1,0,1,1,0,0,0,0,0,0,0,0,0,0
Thursday,3,55,0,0,0,0,0,0,1,0,0,0,0,0,0,0,0,0,0
Thursday,1,134,0,0,0,0,0,0,1,0,1,0,0,1,0,0,1,0,3
Saturday,15,78,0,0,0,0,0,0,1,0,0,0,0,0,0,0,0,0,0
Sunday,16,137,0,0,0,0,0,0,1,1,1,1,0,1,0,1,1,1,1
Monday,22,77,0,1,0,0,0,0,1,1,0,0,0,0,0,1,0,0,0
Wednesday,13,21,0,0,0,0,0,0,1,0,1,0,0,1,0,1,1,0,1
Saturday,4,132,1,0,1,0,0,1,1,0,0,0,0,0,0,0,0,0,0
Thursday,18,100,0,0,1,0,0,1,1,0,0,0,0,0,0,0,0,0,0
Thursday,6,104,0,0,0,1,0,1,1,0,0,0,0,0,0,0,0,0,0
Thursday,11,113,0,1,0,0,0,0,1,0,0,1,0,0,0,0,0,1,0
Thursday,12,114,0,0,0,0,0,0,1,0,0,0,0,0,0,0,0,0,1
Wednesday,0,139,2,2,0,1,0,0,1,0,1,0,0,0,0,0,1,0,0
Friday,22,54,0,0,0,0,0,0,1,0,2,0,0,1,0,1,1,0,1
Saturday,16,148,0,0,0,0,0,0,1,1,1,0,2,1,0,0,2,3,3
Friday,21,103,0,0,0,0,0,0,1,0,0,0,2,0,0,1,0,1,0
Sunday,8,56,0,0,0,0,0,0,1,0,0,0,0,0,0,0,0,0,0
Friday,20,140,0,0,0,0,0,0,1,1,0,1,1,1,1,1,0,1,2
Wednesday,20,60,0,0,1,0,0,1,1,0,0,0,0,0,0,0,0,0,0
Friday,14,71,0,0,0,0,0,0,1,1,0,1,0,0,0,0,0,1,0
Thursday,3,60,0,0,1,0,0,1,1,0,0,0,0,0,0,0,0,0,0
Sunday,16,139,0,0,0,0,0,0,1,1,2,1,1,1,1,1,1,1,1
Friday,14,122,0,0,0,0,0,0,1,0,1,0,1,1,0,1,1,1,2
Thursday,9,5,0,0,0,0,0,0,1,0,0,0,0,0,0,0,0,0,0
Wednesday,3,50,0,0,0,0,0,0,1,0,0,0,0,0,0,0,0,0,2
Tuesday,18,124,1,0,3,0,0,1,1,0,0,0,0,0,0,0,1,0,0
Sunday,5,112,0,0,1,0,0,1,1,0,1,0,0,1,0,1,1,0,1
Saturday,14,56,0,0,0,0,0,0,1,1,1,1,0,1,0,0,1,1,1
Wednesday,21,136,0,0,0,0,0,0,1,1,0,0,0,0,1,0,0,1,0
Wednesday,4,133,0,0,0,0,0,0,1,0,0,0,0,0,0,0,0,0,3
Wednesday,3,144,0,0,0,0,0,0,1,1,1,1,1,2,2,0,1,1,2
Wednesday,3,83,0,0,0,0,0,0,1,0,2,0,0,1,0,1,1,0,2
Saturday,17,36,0,0,0,0,0,0,1,0,0,0,0,0,0,0,0,0,0
Saturday,16,138,0,0,0,0,0,0,1,0,0,0,1,2,0,0,2,1,3
Saturday,14,70,2,0,0,0,0,0,1,0,1,0,0,0,1,0,0,0,0
Wednesday,19,58,0,0,0,0,0,0,1,0,0,0,0,0,0,0,0,0,0
Saturday,16,144,0,0,0,0,0,0,1,0,0,0,1,0,0,0,0,1,1
Friday,0,18,0,0,0,0,0,0,1,1,0,1,0,0,0,0,0,1,0
Monday,4,81,0,0,0,0,0,0,1,0,0,0,0,0,0,0,0,0,0
Wednesday,18,94,0,0,0,1,0,1,1,0,0,0,0,0,0,0,0,0,0
Sunday,19,61,0,0,0,0,0,0,1,0,0,1,0,0,1,0,0,1,0
Thursday,18,139,0,0,0,0,0,0,1,0,0,0,0,0,0,0,1,0,0
Wednesday,14,139,1,0,0,1,0,0,1,1,1,0,0,1,0,0,2,1,2
Monday,3,140,0,0,0,1,0,0,1,0,0,0,0,0,0,0,0,0,0
Friday,16,140,0,0,0,0,0,0,1,1,0,1,1,1,1,1,0,1,2
Saturday,20,52,0,0,0,0,0,0,1,0,0,0,1,0,0,0,0,1,0
Saturday,3,36,1,0,0,0,0,0,1,0,0,0,0,0,0,0,0,0,0
Saturday,16,121,0,0,0,0,0,0,1,0,0,0,0,0,0,0,0,0,0
Wednesday,6,41,0,0,0,0,0,0,1,0,0,0,0,1,0,0,0,0,1
Tuesday,4,140,0,0,0,0,0,0,1,2,1,1,1,2,2,1,4,1,2
Monday,22,72,0,1,0,0,0,0,1,1,0,1,1,0,1,0,0,1,0
Monday,21,111,0,0,4,0,0,1,1,0,0,0,1,0,0,0,0,0,0
Monday,14,140,1,1,1,0,0,1,1,2,1,1,1,1,1,1,1,1,1
Sunday,16,144,0,0,1,0,0,1,1,0,0,0,1,1,0,1,0,1,2
Saturday,19,77,0,0,1,0,0,1,1,0,0,1,1,2,0,0,1,1,2
Monday,3,22,0,0,0,0,0,0,1,0,0,0,0,1,0,0,0,0,1
Thursday,23,128,0,0,0,0,0,0,1,1,0,1,0,0,0,0,0,1,0
Tuesday,20,141,1,1,0,0,1,0,1,0,1,0,1,0,0,0,0,1,1
Tuesday,11,89,0,0,0,1,0,0,1,0,1,0,0,0,1,0,0,1,1
Friday,1,45,1,0,0,0,0,0,1,0,1,0,0,0,0,0,0,0,0
Thursday,20,28,0,0,0,0,0,0,1,0,0,0,0,0,0,0,0,0,0
Thursday,15,132,0,0,0,0,0,0,1,0,0,0,1,1,0,0,1,1,2
Thursday,22,106,1,1,0,0,0,0,1,0,0,0,1,1,0,0,1,1,2
Monday,13,38,0,1,0,0,0,0,1,0,0,0,0,0,0,0,0,0,0
Monday,22,21,0,0,0,0,0,0,1,0,0,0,0,0,0,0,0,0,0
Saturday,23,81,0,0,0,0,0,0,1,0,0,0,0,0,0,0,0,0,0
Sunday,23,48,0,1,0,0,0,0,1,0,0,0,0,0,0,0,0,0,0
Sunday,19,44,0,0,1,0,0,1,1,0,0,0,0,0,0,0,0,0,0
Sunday,9,24,0,0,0,0,0,0,1,0,0,0,0,0,0,0,0,0,0
Friday,3,6,0,0,0,0,0,0,1,0,0,0,0,0,0,0,0,0,0
Monday,23,74,1,0,1,0,0,1,1,0,0,0,0,0,0,0,0,0,0
Wednesday,4,68,0,0,0,0,0,0,1,1,0,0,0,0,0,0,0,0,0
Tuesday,21,71,0,0,2,1,0,1,1,0,0,0,0,0,0,0,0,0,0
Tuesday,4,138,0,0,0,0,0,0,1,2,2,0,2,2,0,0,2,0,3
Sunday,17,129,0,0,1,1,0,1,1,0,1,0,0,1,0,1,1,1,1
Wednesday,2,104,0,0,0,0,0,0,1,0,0,0,1,1,0,0,1,1,1
Thursday,23,51,0,0,0,0,0,0,1,0,0,0,0,0,0,0,0,0,0
Sunday,2,31,0,0,0,0,0,0,1,0,0,0,0,0,0,0,0,0,0
Saturday,16,140,0,0,0,0,0,0,1,1,0,0,0,0,0,0,0,2,1
Thursday,2,53,0,0,0,0,0,0,1,0,0,0,0,1,0,0,1,0,1
Wednesday,1,5,0,0,0,0,0,0,1,0,0,0,0,0,0,0,0,0,0
Thursday,5,56,0,0,0,0,0,0,1,0,0,0,0,0,0,0,0,0,0
Wednesday,4,41,0,0,0,0,0,0,1,0,1,0,0,2,0,0,2,0,2
Monday,13,70,0,0,1,0,0,1,1,0,0,0,0,0,0,0,0,0,0
Saturday,15,144,0,0,0,0,0,0,1,1,1,0,2,1,0,0,2,3,3
Wednesday,19,101,0,0,0,0,0,0,1,0,1,0,0,0,0,0,0,1,0
Sunday,0,115,0,0,1,1,0,1,1,0,0,1,0,1,0,0,0,1,1
Friday,1,81,0,0,0,0,0,0,1,0,0,0,0,0,0,0,0,0,0
Wednesday,21,51,0,1,0,0,0,0,1,0,0,0,0,0,0,0,0,0,0
Saturday,3,88,0,1,0,0,0,0,1,0,0,0,1,0,0,0,0,0,0
Thursday,19,80,0,0,0,0,0,0,1,0,0,0,0,0,0,0,1,0,1
Wednesday,11,78,0,1,0,0,0,0,1,0,0,0,0,0,0,0,0,0,1
Sunday,20,128,0,0,0,0,0,0,1,0,1,0,0,1,0,1,1,1,3
Friday,18,36,0,0,0,0,0,0,1,0,0,0,0,0,0,0,0,0,1
Thursday,19,56,0,0,1,0,0,1,1,0,0,0,0,0,0,0,0,0,0
Wednesday,15,122,0,0,0,0,0,0,1,0,1,0,1,1,0,1,1,1,2
Wednesday,19,42,0,0,0,0,0,0,1,0,0,0,0,0,0,0,0,0,0
Thursday,16,49,0,0,1,0,0,1,1,0,0,0,0,0,0,0,0,0,0
Saturday,6,55,0,0,1,0,0,1,1,0,0,0,0,0,0,0,0,0,0
Friday,14,140,0,0,0,0,0,0,1,1,0,1,1,1,1,1,0,1,2
Friday,11,27,0,0,0,0,0,0,1,0,0,0,0,1,0,0,1,0,2
Thursday,15,29,0,0,0,0,0,0,1,0,1,0,1,1,0,1,1,0,1
Thursday,13,57,0,0,1,0,0,1,1,0,0,0,0,0,0,0,0,0,0
